LOCATION,INDICATOR,SUBJECT,MEASURE,FREQUENCY,TIME,Value,Flag Codes,TotalValue
AUS,PHARMAEXP,TOT,USD_CAP,A,1971,35.7562,,232.39130759
AUS,PHARMAEXP,TOT,USD_CAP,A,1972,36.0935,,238.885226778
AUS,PHARMAEXP,TOT,USD_CAP,A,1973,39.9124,,268.278779956
AUS,PHARMAEXP,TOT,USD_CAP,A,1974,47.6126,,325.332277378
AUS,PHARMAEXP,TOT,USD_CAP,A,1975,47.6161,,329.685019805
AUS,PHARMAEXP,TOT,USD_CAP,A,1976,46.9627,,328.788163872
AUS,PHARMAEXP,TOT,USD_CAP,A,1977,47.7031,,338.097247749
AUS,PHARMAEXP,TOT,USD_CAP,A,1978,50.8569,,365.048895638
AUS,PHARMAEXP,TOT,USD_CAP,A,1979,49.822,,361.805719874
AUS,PHARMAEXP,TOT,USD_CAP,A,1980,57.0365,,419.634413304
AUS,PHARMAEXP,TOT,USD_CAP,A,1981,65.467,,489.365366731
AUS,PHARMAEXP,TOT,USD_CAP,A,1982,67.6867,,514.644519771
AUS,PHARMAEXP,TOT,USD_CAP,A,1983,74.1692,,571.631369719
AUS,PHARMAEXP,TOT,USD_CAP,A,1984,77.3585,,603.487505672
AUS,PHARMAEXP,TOT,USD_CAP,A,1985,84.245,,666.00592408
AUS,PHARMAEXP,TOT,USD_CAP,A,1986,90.0491,,722.028361803
AUS,PHARMAEXP,TOT,USD_CAP,A,1987,93.6722,,763.018052092
AUS,PHARMAEXP,TOT,USD_CAP,A,1988,102.1456,,846.094374686
AUS,PHARMAEXP,TOT,USD_CAP,A,1989,111.3094,,937.985057274
AUS,PHARMAEXP,TOT,USD_CAP,A,1990,120.8768,,1033.96310357
AUS,PHARMAEXP,TOT,USD_CAP,A,1991,134.4526,,1165.51943858
AUS,PHARMAEXP,TOT,USD_CAP,A,1992,149.1192,,1307.775384
AUS,PHARMAEXP,TOT,USD_CAP,A,1993,165.419,,1464.454407
AUS,PHARMAEXP,TOT,USD_CAP,A,1994,183.9732,,1645.0883544
AUS,PHARMAEXP,TOT,USD_CAP,A,1995,198.4164,,1794.4779216
AUS,PHARMAEXP,TOT,USD_CAP,A,1996,215.5988,,1974.6694092
AUS,PHARMAEXP,TOT,USD_CAP,A,1997,232.5673,,2155.2011691
AUS,PHARMAEXP,TOT,USD_CAP,A,1998,261.7283,,2450.8238012
AUS,PHARMAEXP,TOT,USD_CAP,A,1999,291.5888,,2761.9291136
AUS,PHARMAEXP,TOT,USD_CAP,A,2000,338.6553,,3246.0110505
AUS,PHARMAEXP,TOT,USD_CAP,A,2001,364.7646,,3542.9585598
AUS,PHARMAEXP,TOT,USD_CAP,A,2002,373.044,,3663.29208
AUS,PHARMAEXP,TOT,USD_CAP,A,2003,401.3272,,3986.3830776
AUS,PHARMAEXP,TOT,USD_CAP,A,2004,429.8507,,4314.4114759
AUS,PHARMAEXP,TOT,USD_CAP,A,2005,432.5128,,4393.0325096
AUS,PHARMAEXP,TOT,USD_CAP,A,2006,461.7935,,4752.778702
AUS,PHARMAEXP,TOT,USD_CAP,A,2007,485.8596,,5088.8934504
AUS,PHARMAEXP,TOT,USD_CAP,A,2008,510.1722,,5447.1085794
AUS,PHARMAEXP,TOT,USD_CAP,A,2009,553.739,,6030.771449
AUS,PHARMAEXP,TOT,USD_CAP,A,2010,563.8385,,6238.309164
AUS,PHARMAEXP,TOT,USD_CAP,A,2011,580.9213,,6519.0988286
AUS,PHARMAEXP,TOT,USD_CAP,A,2012,582.8741,,6653.5078515
AUS,PHARMAEXP,TOT,USD_CAP,A,2013,626.0573,,7271.0294822
AUT,PHARMAEXP,TOT,USD_CAP,A,1990,152.7613,B,611.3953289
AUT,PHARMAEXP,TOT,USD_CAP,A,1991,160.9163,,649.058309795
AUT,PHARMAEXP,TOT,USD_CAP,A,1992,170.5544,,694.294727618
AUT,PHARMAEXP,TOT,USD_CAP,A,1993,182.6998,,748.807005787
AUT,PHARMAEXP,TOT,USD_CAP,A,1994,193.0415,,793.41465703
AUT,PHARMAEXP,TOT,USD_CAP,A,1995,202.3385,,832.461663715
AUT,PHARMAEXP,TOT,USD_CAP,A,1996,215.2729,,886.608327383
AUT,PHARMAEXP,TOT,USD_CAP,A,1997,257.7595,,1062.4534701
AUT,PHARMAEXP,TOT,USD_CAP,A,1998,290.4145,,1197.8497454
AUT,PHARMAEXP,TOT,USD_CAP,A,1999,324.7133,,1341.112363
AUT,PHARMAEXP,TOT,USD_CAP,A,2000,347.1959,,1436.29666452
AUT,PHARMAEXP,TOT,USD_CAP,A,2001,357.6324,,1483.59294972
AUT,PHARMAEXP,TOT,USD_CAP,A,2002,387.0667,,1611.42873117
AUT,PHARMAEXP,TOT,USD_CAP,A,2003,419.8935,,1754.29824726
AUT,PHARMAEXP,TOT,USD_CAP,A,2004,437.2848,,1837.35703555
AUT,PHARMAEXP,TOT,USD_CAP,A,2005,442.9458,,1872.03335113
AUT,PHARMAEXP,TOT,USD_CAP,A,2006,476.9972,,2025.05917679
AUT,PHARMAEXP,TOT,USD_CAP,A,2007,505.9249,,2154.55252206
AUT,PHARMAEXP,TOT,USD_CAP,A,2008,539.4716,,2304.25907134
AUT,PHARMAEXP,TOT,USD_CAP,A,2009,516.1968,,2209.47096868
AUT,PHARMAEXP,TOT,USD_CAP,A,2010,523.9678,,2247.45298867
AUT,PHARMAEXP,TOT,USD_CAP,A,2011,544.1185,,2340.4419335
AUT,PHARMAEXP,TOT,USD_CAP,A,2012,566.0045,,2443.37350596
AUT,PHARMAEXP,TOT,USD_CAP,A,2013,582.7718,,2526.64327075
AUT,PHARMAEXP,TOT,USD_CAP,A,2014,609.2467,,2529.69647959
BEL,PHARMAEXP,TOT,USD_CAP,A,1970,42.5776,,209.898797014
BEL,PHARMAEXP,TOT,USD_CAP,A,1971,47.6457,,235.364850493
BEL,PHARMAEXP,TOT,USD_CAP,A,1972,52.9251,,262.445938532
BEL,PHARMAEXP,TOT,USD_CAP,A,1973,62.8897,,312.848145804
BEL,PHARMAEXP,TOT,USD_CAP,A,1974,70.2343,,350.409176908
BEL,PHARMAEXP,TOT,USD_CAP,A,1975,77.0451,,385.380514741
BEL,PHARMAEXP,TOT,USD_CAP,A,1976,76.7118,,384.431750149
BEL,PHARMAEXP,TOT,USD_CAP,A,1977,85.8548,,430.913483261
BEL,PHARMAEXP,TOT,USD_CAP,A,1978,94.5717,,475.282750958
BEL,PHARMAEXP,TOT,USD_CAP,A,1979,102.0245,,513.391262955
BEL,PHARMAEXP,TOT,USD_CAP,A,1980,112.0607,,564.68193567
BEL,PHARMAEXP,TOT,USD_CAP,A,1981,120.4051,,607.08817324
BEL,PHARMAEXP,TOT,USD_CAP,A,1982,127.7844,,644.480238047
BEL,PHARMAEXP,TOT,USD_CAP,A,1983,138.2392,,697.304790248
BEL,PHARMAEXP,TOT,USD_CAP,A,1984,137.5915,,694.126139719
BEL,PHARMAEXP,TOT,USD_CAP,A,1985,152.3046,,768.59556871
BEL,PHARMAEXP,TOT,USD_CAP,A,1986,162.3468,,819.463980535
BEL,PHARMAEXP,TOT,USD_CAP,A,1987,175.457,,886.271030255
BEL,PHARMAEXP,TOT,USD_CAP,A,1988,195.8104,,992.032271416
BEL,PHARMAEXP,TOT,USD_CAP,A,1989,204.9142,,1041.61473858
BEL,PHARMAEXP,TOT,USD_CAP,A,1990,210.212,,1071.44762103
BEL,PHARMAEXP,TOT,USD_CAP,A,1991,231.1272,,1182.10630483
BEL,PHARMAEXP,TOT,USD_CAP,A,1992,255.5607,,1311.99905502
BEL,PHARMAEXP,TOT,USD_CAP,A,1993,281.0505,,1448.14839466
BEL,PHARMAEXP,TOT,USD_CAP,A,1994,287.8923,,1487.87202971
BEL,PHARMAEXP,TOT,USD_CAP,A,1995,309.0453,,1600.87999571
BEL,PHARMAEXP,TOT,USD_CAP,A,1996,308.9161,,1603.6928314
BEL,PHARMAEXP,TOT,USD_CAP,A,1997,323.6698,,1684.38378893
BEL,PHARMAEXP,TOT,USD_CAP,A,2003,483.4993,B,2562.11210763
BEL,PHARMAEXP,TOT,USD_CAP,A,2004,497.9668,,2650.12254138
BEL,PHARMAEXP,TOT,USD_CAP,A,2005,511.916,,2739.2850403
BEL,PHARMAEXP,TOT,USD_CAP,A,2006,518.6456,B,2793.08445144
BEL,PHARMAEXP,TOT,USD_CAP,A,2007,551.8932,,2992.82907258
BEL,PHARMAEXP,TOT,USD_CAP,A,2008,580.6207,,3172.21713011
BEL,PHARMAEXP,TOT,USD_CAP,A,2009,606.8112,,3341.13644863
BEL,PHARMAEXP,TOT,USD_CAP,A,2010,613.646,,3413.89801909
BEL,PHARMAEXP,TOT,USD_CAP,A,2011,640.1315,,3598.17596084
BEL,PHARMAEXP,TOT,USD_CAP,A,2012,626.9682,,3547.78608131
BEL,PHARMAEXP,TOT,USD_CAP,A,2013,633.3454,,3598.24295469
BEL,PHARMAEXP,TOT,USD_CAP,A,2014,623.0143,,3554.85791738
CAN,PHARMAEXP,TOT,USD_CAP,A,1970,34.3889,,371.8471757
CAN,PHARMAEXP,TOT,USD_CAP,A,1971,37.3585,,408.552556
CAN,PHARMAEXP,TOT,USD_CAP,A,1972,38.1414,,422.416005
CAN,PHARMAEXP,TOT,USD_CAP,A,1973,40.3347,,452.555334
CAN,PHARMAEXP,TOT,USD_CAP,A,1974,40.4139,,460.1122515
CAN,PHARMAEXP,TOT,USD_CAP,A,1975,44.2085,B,511.0944685
CAN,PHARMAEXP,TOT,USD_CAP,A,1976,46.7988,,548.7627288
CAN,PHARMAEXP,TOT,USD_CAP,A,1977,50.3299,,597.8185522
CAN,PHARMAEXP,TOT,USD_CAP,A,1978,55.0996,,661.8012956
CAN,PHARMAEXP,TOT,USD_CAP,A,1979,61.6081,,748.0455502
CAN,PHARMAEXP,TOT,USD_CAP,A,1980,68.4548,,842.5416784
CAN,PHARMAEXP,TOT,USD_CAP,A,1981,82.5794,,1029.6825386
CAN,PHARMAEXP,TOT,USD_CAP,A,1982,90.1581,,1138.3361706
CAN,PHARMAEXP,TOT,USD_CAP,A,1983,98.1941,,1252.956716
CAN,PHARMAEXP,TOT,USD_CAP,A,1984,109.2099,,1407.6064011
CAN,PHARMAEXP,TOT,USD_CAP,A,1985,124.0283,,1614.1042962
CAN,PHARMAEXP,TOT,USD_CAP,A,1986,141.2255,,1856.9740995
CAN,PHARMAEXP,TOT,USD_CAP,A,1987,151.8237,,2022.4435077
CAN,PHARMAEXP,TOT,USD_CAP,A,1988,166.7338,,2251.4065014
CAN,PHARMAEXP,TOT,USD_CAP,A,1989,183.6393,,2525.4076536
CAN,PHARMAEXP,TOT,USD_CAP,A,1990,201.5857,,2816.03329344
CAN,PHARMAEXP,TOT,USD_CAP,A,1991,221.9058,,3136.20132857
CAN,PHARMAEXP,TOT,USD_CAP,A,1992,244.3338,,3497.91444419
CAN,PHARMAEXP,TOT,USD_CAP,A,1993,263.1216,,3809.86131355
CAN,PHARMAEXP,TOT,USD_CAP,A,1994,271.8611,,3980.99258063
CAN,PHARMAEXP,TOT,USD_CAP,A,1995,287.3465,,4252.6793511
CAN,PHARMAEXP,TOT,USD_CAP,A,1996,291.8236,,4365.6489554
CAN,PHARMAEXP,TOT,USD_CAP,A,1997,320.0445,,4832.49912597
CAN,PHARMAEXP,TOT,USD_CAP,A,1998,352.6553,,5370.92963934
CAN,PHARMAEXP,TOT,USD_CAP,A,1999,375.6452,,5767.10420236
CAN,PHARMAEXP,TOT,USD_CAP,A,2000,402.0839,,6228.9912995
CAN,PHARMAEXP,TOT,USD_CAP,A,2001,441.4964,,6910.92416272
CAN,PHARMAEXP,TOT,USD_CAP,A,2002,478.2263,,7565.77917915
CAN,PHARMAEXP,TOT,USD_CAP,A,2003,519.9435,,8300.48722213
CAN,PHARMAEXP,TOT,USD_CAP,A,2004,553.4267,,8918.42699636
CAN,PHARMAEXP,TOT,USD_CAP,A,2005,592.7384,,9641.13309874
CAN,PHARMAEXP,TOT,USD_CAP,A,2006,637.8091,,10478.0554566
CAN,PHARMAEXP,TOT,USD_CAP,A,2007,661.6613,,10986.2970079
CAN,PHARMAEXP,TOT,USD_CAP,A,2008,679.6451,,11416.8822833
CAN,PHARMAEXP,TOT,USD_CAP,A,2009,729.9941,,12410.1843977
CAN,PHARMAEXP,TOT,USD_CAP,A,2010,781.2434,B,13437.3396054
CAN,PHARMAEXP,TOT,USD_CAP,A,2011,774.9913,,13467.0393199
CAN,PHARMAEXP,TOT,USD_CAP,A,2012,769.1792,,13515.5169359
CAN,PHARMAEXP,TOT,USD_CAP,A,2013,781.5592,,13852.3552608
CAN,PHARMAEXP,TOT,USD_CAP,A,2014,772.2388,P,13834.658102
CAN,PHARMAEXP,TOT,USD_CAP,A,2015,787.366,P,0
CZE,PHARMAEXP,TOT,USD_CAP,A,1990,115.481,,615.081138174
CZE,PHARMAEXP,TOT,USD_CAP,A,1991,97.2854,,516.106829832
CZE,PHARMAEXP,TOT,USD_CAP,A,1992,117.2054,,622.194007921
CZE,PHARMAEXP,TOT,USD_CAP,A,1993,145.476,,773.009565732
CZE,PHARMAEXP,TOT,USD_CAP,A,1994,198.9935,,1057.6015001
CZE,PHARMAEXP,TOT,USD_CAP,A,1995,224.8582,,1194.13105749
CZE,PHARMAEXP,TOT,USD_CAP,A,1996,229.0396,,1214.06700117
CZE,PHARMAEXP,TOT,USD_CAP,A,1997,229.1869,,1213.11170145
CZE,PHARMAEXP,TOT,USD_CAP,A,1998,211.3985,,1117.76174701
CZE,PHARMAEXP,TOT,USD_CAP,A,1999,215.8827,,1139.85223657
CZE,PHARMAEXP,TOT,USD_CAP,A,2000,230.2176,B,1213.97815332
CZE,PHARMAEXP,TOT,USD_CAP,A,2001,260.1727,,1364.66851312
CZE,PHARMAEXP,TOT,USD_CAP,A,2002,285.4125,,1494.4700826
CZE,PHARMAEXP,TOT,USD_CAP,A,2003,324.8998,B,1700.35075711
CZE,PHARMAEXP,TOT,USD_CAP,A,2004,344.5234,,1803.64649202
CZE,PHARMAEXP,TOT,USD_CAP,A,2005,366.2562,,1920.1541657
CZE,PHARMAEXP,TOT,USD_CAP,A,2006,355.5038,,1867.6768967
CZE,PHARMAEXP,TOT,USD_CAP,A,2007,357.316,,1884.69468581
CZE,PHARMAEXP,TOT,USD_CAP,A,2008,361.2541,,1920.55684708
CZE,PHARMAEXP,TOT,USD_CAP,A,2009,437.0405,,2334.22588081
CZE,PHARMAEXP,TOT,USD_CAP,A,2010,383.7713,,2055.65753645
CZE,PHARMAEXP,TOT,USD_CAP,A,2011,408.8968,,2185.00670098
CZE,PHARMAEXP,TOT,USD_CAP,A,2012,435.9977,,2331.87832674
CZE,PHARMAEXP,TOT,USD_CAP,A,2013,417.9115,,2235.45124047
CZE,PHARMAEXP,TOT,USD_CAP,A,2014,408.2692,,2186.54163348
DNK,PHARMAEXP,TOT,USD_CAP,A,1980,54.2683,,140.7930263
DNK,PHARMAEXP,TOT,USD_CAP,A,1981,58.7428,,152.469698312
DNK,PHARMAEXP,TOT,USD_CAP,A,1982,65.5632,,170.155320638
DNK,PHARMAEXP,TOT,USD_CAP,A,1983,70.6823,,183.400494727
DNK,PHARMAEXP,TOT,USD_CAP,A,1984,74.731,,193.860583872
DNK,PHARMAEXP,TOT,USD_CAP,A,1985,82.752,,214.730930496
DNK,PHARMAEXP,TOT,USD_CAP,A,1986,90.9164,,236.131892569
DNK,PHARMAEXP,TOT,USD_CAP,A,1987,92.0032,,239.209792051
DNK,PHARMAEXP,TOT,USD_CAP,A,1988,103.0012,,267.951029723
DNK,PHARMAEXP,TOT,USD_CAP,A,1989,101.5021,,264.231484745
DNK,PHARMAEXP,TOT,USD_CAP,A,1990,115.1285,,300.191231682
DNK,PHARMAEXP,TOT,USD_CAP,A,1991,126.9821,,331.915336638
DNK,PHARMAEXP,TOT,USD_CAP,A,1992,131.866,,345.732344636
DNK,PHARMAEXP,TOT,USD_CAP,A,1993,149.8887,,394.148824407
DNK,PHARMAEXP,TOT,USD_CAP,A,1994,163.04,,430.06642288
DNK,PHARMAEXP,TOT,USD_CAP,A,1995,169.2881,,448.71503786
DNK,PHARMAEXP,TOT,USD_CAP,A,1996,175.5872,,467.851040877
DNK,PHARMAEXP,TOT,USD_CAP,A,1997,185.0009,,494.819687219
DNK,PHARMAEXP,TOT,USD_CAP,A,1998,208.3181,,559.057868699
DNK,PHARMAEXP,TOT,USD_CAP,A,1999,207.9687,,559.857355555
DNK,PHARMAEXP,TOT,USD_CAP,A,2000,217.2356,,586.622145298
DNK,PHARMAEXP,TOT,USD_CAP,A,2001,229.5568,,621.995856997
DNK,PHARMAEXP,TOT,USD_CAP,A,2002,258.7376,,703.15720369
DNK,PHARMAEXP,TOT,USD_CAP,A,2003,257.2893,B,700.931696254
DNK,PHARMAEXP,TOT,USD_CAP,A,2004,266.4764,,727.696151408
DNK,PHARMAEXP,TOT,USD_CAP,A,2005,265.7165,,727.495373839
DNK,PHARMAEXP,TOT,USD_CAP,A,2006,297.0078,,815.58876494
DNK,PHARMAEXP,TOT,USD_CAP,A,2007,320.3672,,883.179647046
DNK,PHARMAEXP,TOT,USD_CAP,A,2008,324.1752,,898.379599906
DNK,PHARMAEXP,TOT,USD_CAP,A,2009,323.3739,,900.73891939
DNK,PHARMAEXP,TOT,USD_CAP,A,2010,336.3333,,940.976153742
DNK,PHARMAEXP,TOT,USD_CAP,A,2011,310.5971,,872.43402001
DNK,PHARMAEXP,TOT,USD_CAP,A,2012,295.9196,,834.125739857
DNK,PHARMAEXP,TOT,USD_CAP,A,2013,298.1846,,843.673368964
DNK,PHARMAEXP,TOT,USD_CAP,A,2014,324.6279,B,0
FIN,PHARMAEXP,TOT,USD_CAP,A,1970,23.0835,,54.984897
FIN,PHARMAEXP,TOT,USD_CAP,A,1971,27.4366,,65.436291
FIN,PHARMAEXP,TOT,USD_CAP,A,1972,31.1478,,74.6924244
FIN,PHARMAEXP,TOT,USD_CAP,A,1973,32.3981,,78.1118191
FIN,PHARMAEXP,TOT,USD_CAP,A,1974,34.8523,,84.4471229
FIN,PHARMAEXP,TOT,USD_CAP,A,1975,40.6442,,98.9279828
FIN,PHARMAEXP,TOT,USD_CAP,A,1976,45.0194,,109.8923554
FIN,PHARMAEXP,TOT,USD_CAP,A,1977,49.183,,120.399984
FIN,PHARMAEXP,TOT,USD_CAP,A,1978,53.4921,,131.2696134
FIN,PHARMAEXP,TOT,USD_CAP,A,1979,57.0508,,140.4020188
FIN,PHARMAEXP,TOT,USD_CAP,A,1980,60.4192,,149.1145856
FIN,PHARMAEXP,TOT,USD_CAP,A,1981,66.1013,,163.8651227
FIN,PHARMAEXP,TOT,USD_CAP,A,1982,69.6761,,173.6328412
FIN,PHARMAEXP,TOT,USD_CAP,A,1983,77.1233,,193.2709898
FIN,PHARMAEXP,TOT,USD_CAP,A,1984,82.0069,,206.5753811
FIN,PHARMAEXP,TOT,USD_CAP,A,1985,89.2614,,225.7420806
FIN,PHARMAEXP,TOT,USD_CAP,A,1986,93.7467,,237.7416312
FIN,PHARMAEXP,TOT,USD_CAP,A,1987,101.2402,,257.5550688
FIN,PHARMAEXP,TOT,USD_CAP,A,1988,105.7765,,269.730075
FIN,PHARMAEXP,TOT,USD_CAP,A,1989,113.9392,,291.3425344
FIN,PHARMAEXP,TOT,USD_CAP,A,1990,128.0286,,328.6494162
FIN,PHARMAEXP,TOT,USD_CAP,A,1991,148.8696,,383.9346984
FIN,PHARMAEXP,TOT,USD_CAP,A,1992,161.8266,,419.4545472
FIN,PHARMAEXP,TOT,USD_CAP,A,1993,170.5334,B,443.8984402
FIN,PHARMAEXP,TOT,USD_CAP,A,1994,182.01,,475.41012
FIN,PHARMAEXP,TOT,USD_CAP,A,1995,203.104,,532.335584
FIN,PHARMAEXP,TOT,USD_CAP,A,1996,220.3931,,579.1930668
FIN,PHARMAEXP,TOT,USD_CAP,A,1997,234.5483,,618.0347705
FIN,PHARMAEXP,TOT,USD_CAP,A,1998,232.5166,,614.0763406
FIN,PHARMAEXP,TOT,USD_CAP,A,1999,259.2587,,685.9985202
FIN,PHARMAEXP,TOT,USD_CAP,A,2000,282.6023,B,748.896095
FIN,PHARMAEXP,TOT,USD_CAP,A,2001,309.2908,,821.167074
FIN,PHARMAEXP,TOT,USD_CAP,A,2002,339.8152,,903.5686168
FIN,PHARMAEXP,TOT,USD_CAP,A,2003,356.0925,,948.63042
FIN,PHARMAEXP,TOT,USD_CAP,A,2004,392.8761,,1049.3720631
FIN,PHARMAEXP,TOT,USD_CAP,A,2005,413.1351,,1106.7889329
FIN,PHARMAEXP,TOT,USD_CAP,A,2006,405.1589,,1089.0671232
FIN,PHARMAEXP,TOT,USD_CAP,A,2007,430.7631,,1162.1988438
FIN,PHARMAEXP,TOT,USD_CAP,A,2008,468.4428,,1269.0115452
FIN,PHARMAEXP,TOT,USD_CAP,A,2009,468.1731,,1273.8990051
FIN,PHARMAEXP,TOT,USD_CAP,A,2010,459.2402,,1254.6442264
FIN,PHARMAEXP,TOT,USD_CAP,A,2011,465.3456,,1276.4429808
FIN,PHARMAEXP,TOT,USD_CAP,A,2012,474.2172,,1305.9941688
FIN,PHARMAEXP,TOT,USD_CAP,A,2013,484.7608,,1340.363612
FIN,PHARMAEXP,TOT,USD_CAP,A,2014,476.0305,,1323.36479
FRA,PHARMAEXP,TOT,USD_CAP,A,1970,46.8295,,1216.62010751
FRA,PHARMAEXP,TOT,USD_CAP,A,1975,75.1981,,2022.23332105
FRA,PHARMAEXP,TOT,USD_CAP,A,1980,106.4538,,2934.67897049
FRA,PHARMAEXP,TOT,USD_CAP,A,1985,166.4412,,4716.61738325
FRA,PHARMAEXP,TOT,USD_CAP,A,1990,242.1783,,7048.0303025
FRA,PHARMAEXP,TOT,USD_CAP,A,1991,264.8945,,7746.53767277
FRA,PHARMAEXP,TOT,USD_CAP,A,1992,280.0446,,8228.98735138
FRA,PHARMAEXP,TOT,USD_CAP,A,1993,303.9291,,8968.83832652
FRA,PHARMAEXP,TOT,USD_CAP,A,1994,314.1311,,9304.56946462
FRA,PHARMAEXP,TOT,USD_CAP,A,1995,313.6452,B,9323.88454655
FRA,PHARMAEXP,TOT,USD_CAP,A,1996,319.3977,,9527.7579561
FRA,PHARMAEXP,TOT,USD_CAP,A,1997,334.2935,,10005.9159241
FRA,PHARMAEXP,TOT,USD_CAP,A,1998,356.5237,,10708.7668979
FRA,PHARMAEXP,TOT,USD_CAP,A,1999,383.0212,,11563.7432564
FRA,PHARMAEXP,TOT,USD_CAP,A,2000,419.7953,,12763.208622
FRA,PHARMAEXP,TOT,USD_CAP,A,2001,460.6448,,14109.7805464
FRA,PHARMAEXP,TOT,USD_CAP,A,2002,490.2957,,15129.9908797
FRA,PHARMAEXP,TOT,USD_CAP,A,2003,496.6592,B,15436.9824571
FRA,PHARMAEXP,TOT,USD_CAP,A,2004,519.5584,,16271.2182362
FRA,PHARMAEXP,TOT,USD_CAP,A,2005,544.7856,,17195.9449976
FRA,PHARMAEXP,TOT,USD_CAP,A,2006,564.0548,B,17926.5019857
FRA,PHARMAEXP,TOT,USD_CAP,A,2007,588.7036,,18817.257113
FRA,PHARMAEXP,TOT,USD_CAP,A,2008,606.1469,,19478.045714
FRA,PHARMAEXP,TOT,USD_CAP,A,2009,626.4473,,20229.7248405
FRA,PHARMAEXP,TOT,USD_CAP,A,2010,631.1949,,20477.2249458
FRA,PHARMAEXP,TOT,USD_CAP,A,2011,642.8576,,20955.0749014
FRA,PHARMAEXP,TOT,USD_CAP,A,2012,630.9337,,20659.5833023
FRA,PHARMAEXP,TOT,USD_CAP,A,2013,643.0049,,21140.817983
FRA,PHARMAEXP,TOT,USD_CAP,A,2014,655.8638,,42016.1107216
DEU,PHARMAEXP,TOT,USD_CAP,A,1970,43.8916,,1395.0506144
DEU,PHARMAEXP,TOT,USD_CAP,A,1971,49.0243,,1570.6405234
DEU,PHARMAEXP,TOT,USD_CAP,A,1972,54.4805,,1754.490022
DEU,PHARMAEXP,TOT,USD_CAP,A,1973,60.6084,,1959.469572
DEU,PHARMAEXP,TOT,USD_CAP,A,1974,69.7484,,2258.801934
DEU,PHARMAEXP,TOT,USD_CAP,A,1975,79.622,,2574.17926
DEU,PHARMAEXP,TOT,USD_CAP,A,1976,88.1705,,2840.4126575
DEU,PHARMAEXP,TOT,USD_CAP,A,1977,93.6069,,3010.1170833
DEU,PHARMAEXP,TOT,USD_CAP,A,1978,105.0589,,3374.0716324
DEU,PHARMAEXP,TOT,USD_CAP,A,1979,115.5753,,3710.6605818
DEU,PHARMAEXP,TOT,USD_CAP,A,1980,130.7716,,4204.1761684
DEU,PHARMAEXP,TOT,USD_CAP,A,1981,149.6282,,4815.1851042
DEU,PHARMAEXP,TOT,USD_CAP,A,1982,155.3445,,4995.257742
DEU,PHARMAEXP,TOT,USD_CAP,A,1983,166.9854,,5353.2179532
DEU,PHARMAEXP,TOT,USD_CAP,A,1984,181.8065,,5805.808771
DEU,PHARMAEXP,TOT,USD_CAP,A,1985,196.2248,,6248.3863064
DEU,PHARMAEXP,TOT,USD_CAP,A,1986,202.8493,,6457.3017669
DEU,PHARMAEXP,TOT,USD_CAP,A,1987,216.664,,6879.948656
DEU,PHARMAEXP,TOT,USD_CAP,A,1988,237.0741,,7564.0862346
DEU,PHARMAEXP,TOT,USD_CAP,A,1989,238.4533,,7671.5195676
DEU,PHARMAEXP,TOT,USD_CAP,A,1990,253.214,,8272.754594
DEU,PHARMAEXP,TOT,USD_CAP,A,1992,294.6127,B,12238.5061707
DEU,PHARMAEXP,TOT,USD_CAP,A,1993,264.2139,,11034.6293196
DEU,PHARMAEXP,TOT,USD_CAP,A,1994,274.7933,,11504.4962978
DEU,PHARMAEXP,TOT,USD_CAP,A,1995,288.4146,,12096.9735678
DEU,PHARMAEXP,TOT,USD_CAP,A,1996,310.6675,,13054.5590175
DEU,PHARMAEXP,TOT,USD_CAP,A,1997,314.4865,,13230.447055
DEU,PHARMAEXP,TOT,USD_CAP,A,1998,335.3538,,14100.9565824
DEU,PHARMAEXP,TOT,USD_CAP,A,1999,351.1519,,14754.7005342
DEU,PHARMAEXP,TOT,USD_CAP,A,2000,367.3447,,15457.864976
DEU,PHARMAEXP,TOT,USD_CAP,A,2001,400.5791,,16870.7893756
DEU,PHARMAEXP,TOT,USD_CAP,A,2002,427.4607,,18027.7275618
DEU,PHARMAEXP,TOT,USD_CAP,A,2003,452.1915,,19069.819938
DEU,PHARMAEXP,TOT,USD_CAP,A,2004,443.9407,,18716.9838527
DEU,PHARMAEXP,TOT,USD_CAP,A,2005,508.8635,,21436.8926645
DEU,PHARMAEXP,TOT,USD_CAP,A,2006,526.5335,,22147.052077
DEU,PHARMAEXP,TOT,USD_CAP,A,2007,562.533,,23618.510538
DEU,PHARMAEXP,TOT,USD_CAP,A,2008,600.2274,,25151.9289696
DEU,PHARMAEXP,TOT,USD_CAP,A,2009,630.2438,,26324.6532822
DEU,PHARMAEXP,TOT,USD_CAP,A,2010,654.6815,,27272.0672455
DEU,PHARMAEXP,TOT,USD_CAP,A,2011,645.5802,,26520.434616
DEU,PHARMAEXP,TOT,USD_CAP,A,2012,665.1294,,27342.8045046
DEU,PHARMAEXP,TOT,USD_CAP,A,2013,693.4148,,28538.8729236
DEU,PHARMAEXP,TOT,USD_CAP,A,2014,741.0545,,30564.7928525
GRC,PHARMAEXP,TOT,USD_CAP,A,1970,41.4696,,186.544899569
GRC,PHARMAEXP,TOT,USD_CAP,A,1971,47.2381,,213.139913295
GRC,PHARMAEXP,TOT,USD_CAP,A,1972,51.4592,,233.62152607
GRC,PHARMAEXP,TOT,USD_CAP,A,1973,52.691,,240.192555792
GRC,PHARMAEXP,TOT,USD_CAP,A,1974,53.7709,,245.937449962
GRC,PHARMAEXP,TOT,USD_CAP,A,1975,66.1948,,305.484368364
GRC,PHARMAEXP,TOT,USD_CAP,A,1976,67.3191,,315.5859494
GRC,PHARMAEXP,TOT,USD_CAP,A,1977,72.0958,,342.522820052
GRC,PHARMAEXP,TOT,USD_CAP,A,1978,82.7879,,398.190509419
GRC,PHARMAEXP,TOT,USD_CAP,A,1979,85.748,,417.267860828
GRC,PHARMAEXP,TOT,USD_CAP,A,1980,92.6903,,455.03225467
GRC,PHARMAEXP,TOT,USD_CAP,A,1981,96.6297,,478.199126766
GRC,PHARMAEXP,TOT,USD_CAP,A,1982,85.6293,,426.158273283
GRC,PHARMAEXP,TOT,USD_CAP,A,1983,95.0923,,475.9419063
GRC,PHARMAEXP,TOT,USD_CAP,A,1984,98.6868,,496.282101048
GRC,PHARMAEXP,TOT,USD_CAP,A,1985,107.649,,543.136139964
GRC,PHARMAEXP,TOT,USD_CAP,A,1986,120.6157,,610.395772056
GRC,PHARMAEXP,TOT,USD_CAP,A,1987,94.6823,,480.858168213
GRC,PHARMAEXP,TOT,USD_CAP,A,1988,101.6227,,518.092950763
GRC,PHARMAEXP,TOT,USD_CAP,A,1989,109.865,,562.98012085
GRC,PHARMAEXP,TOT,USD_CAP,A,1990,120.1743,,619.776840179
GRC,PHARMAEXP,TOT,USD_CAP,A,1991,141.1136,,734.222104275
GRC,PHARMAEXP,TOT,USD_CAP,A,1992,164.4565,,863.715999523
GRC,PHARMAEXP,TOT,USD_CAP,A,1993,179.4321,,949.839252511
GRC,PHARMAEXP,TOT,USD_CAP,A,1994,197.51,,1053.27797033
GRC,PHARMAEXP,TOT,USD_CAP,A,1995,199.6184,,1072.01648245
GRC,PHARMAEXP,TOT,USD_CAP,A,1996,210.8783,,1139.97624718
GRC,PHARMAEXP,TOT,USD_CAP,A,1997,221.4353,,1204.32990926
GRC,PHARMAEXP,TOT,USD_CAP,A,1998,193.3991,,1057.51942994
GRC,PHARMAEXP,TOT,USD_CAP,A,1999,213.7968,,1174.32296614
GRC,PHARMAEXP,TOT,USD_CAP,A,2000,277.5792,,1529.86415942
GRC,PHARMAEXP,TOT,USD_CAP,A,2001,318.4614,,1766.1869244
GRC,PHARMAEXP,TOT,USD_CAP,A,2002,373.1743,,2077.8345024
GRC,PHARMAEXP,TOT,USD_CAP,A,2003,417.4346,,2332.2071102
GRC,PHARMAEXP,TOT,USD_CAP,A,2004,464.6323,,2606.587203
GRC,PHARMAEXP,TOT,USD_CAP,A,2005,510.3661,,2873.8715091
GRC,PHARMAEXP,TOT,USD_CAP,A,2006,598.5161,,3383.4115133
GRC,PHARMAEXP,TOT,USD_CAP,A,2007,684.9939,,3885.2854008
GRC,PHARMAEXP,TOT,USD_CAP,A,2009,887.8263,B,5055.2829522
GRC,PHARMAEXP,TOT,USD_CAP,A,2010,867.9326,,4931.5930332
GRC,PHARMAEXP,TOT,USD_CAP,A,2011,877.4566,,4976.9338352
GRC,PHARMAEXP,TOT,USD_CAP,A,2012,683.4105,,3868.10343
GRC,PHARMAEXP,TOT,USD_CAP,A,2013,685.1233,,0
GRC,PHARMAEXP,TOT,USD_CAP,A,2014,629.5885,,0
HUN,PHARMAEXP,TOT,USD_CAP,A,1991,158.5845,,855.721962
HUN,PHARMAEXP,TOT,USD_CAP,A,1992,162.4669,,876.9963262
HUN,PHARMAEXP,TOT,USD_CAP,A,1993,177.7791,,959.6515818
HUN,PHARMAEXP,TOT,USD_CAP,A,1994,197.7705,,1067.169618
HUN,PHARMAEXP,TOT,USD_CAP,A,1995,164.4744,,887.1749136
HUN,PHARMAEXP,TOT,USD_CAP,A,1996,170.9008,,920.9844112
HUN,PHARMAEXP,TOT,USD_CAP,A,1997,175.6706,,945.4591692
HUN,PHARMAEXP,TOT,USD_CAP,A,2001,276.9088,,1479.8006272
HUN,PHARMAEXP,TOT,USD_CAP,A,2002,307.9405,,1641.6308055
HUN,PHARMAEXP,TOT,USD_CAP,A,2003,351.673,B,1870.197014
HUN,PHARMAEXP,TOT,USD_CAP,A,2004,373.466,,1982.730994
HUN,PHARMAEXP,TOT,USD_CAP,A,2005,434.9114,,2304.1605972
HUN,PHARMAEXP,TOT,USD_CAP,A,2006,467.9606,,2475.0436134
HUN,PHARMAEXP,TOT,USD_CAP,A,2007,443.9478,,2344.4883318
HUN,PHARMAEXP,TOT,USD_CAP,A,2008,474.4333,,2501.2123576
HUN,PHARMAEXP,TOT,USD_CAP,A,2009,500.0466,,2631.7452558
HUN,PHARMAEXP,TOT,USD_CAP,A,2010,543.3102,B,2852.37855
HUN,PHARMAEXP,TOT,USD_CAP,A,2011,600.3876,,3142.4286984
HUN,PHARMAEXP,TOT,USD_CAP,A,2012,555.1409,,2886.73268
HUN,PHARMAEXP,TOT,USD_CAP,A,2013,531.8078,,2756.3598274
HUN,PHARMAEXP,TOT,USD_CAP,A,2014,543.1782,,2805.515403
ISL,PHARMAEXP,TOT,USD_CAP,A,1970,30.3093,,3.06730116
ISL,PHARMAEXP,TOT,USD_CAP,A,1971,39.4473,,4.0236246
ISL,PHARMAEXP,TOT,USD_CAP,A,1972,43.5006,,4.5023121
ISL,PHARMAEXP,TOT,USD_CAP,A,1973,41.1393,,4.3196265
ISL,PHARMAEXP,TOT,USD_CAP,A,1974,44.3232,,4.7204208
ISL,PHARMAEXP,TOT,USD_CAP,A,1975,61.221,,6.6057459
ISL,PHARMAEXP,TOT,USD_CAP,A,1976,58.1482,,6.3381538
ISL,PHARMAEXP,TOT,USD_CAP,A,1977,64.7436,,7.10884728
ISL,PHARMAEXP,TOT,USD_CAP,A,1978,78.1619,,8.66033852
ISL,PHARMAEXP,TOT,USD_CAP,A,1979,92.5674,,10.35829206
ISL,PHARMAEXP,TOT,USD_CAP,A,1980,120.2494,B,13.60020714
ISL,PHARMAEXP,TOT,USD_CAP,A,1981,129.7097,,14.85176065
ISL,PHARMAEXP,TOT,USD_CAP,A,1982,150.3952,,17.46088272
ISL,PHARMAEXP,TOT,USD_CAP,A,1983,187.1767,,22.03069759
ISL,PHARMAEXP,TOT,USD_CAP,A,1984,176.3213,,20.9822347
ISL,PHARMAEXP,TOT,USD_CAP,A,1985,197.1481,,23.657772
ISL,PHARMAEXP,TOT,USD_CAP,A,1986,214.6499,,25.9726379
ISL,PHARMAEXP,TOT,USD_CAP,A,1987,225.1027,,27.55257048
ISL,PHARMAEXP,TOT,USD_CAP,A,1988,236.5809,,29.43066396
ISL,PHARMAEXP,TOT,USD_CAP,A,1989,248.5855,,31.2720559
ISL,PHARMAEXP,TOT,USD_CAP,A,1990,225.1247,,28.56832443
ISL,PHARMAEXP,TOT,USD_CAP,A,1991,214.6203,,27.60017058
ISL,PHARMAEXP,TOT,USD_CAP,A,1992,224.0624,,29.17292448
ISL,PHARMAEXP,TOT,USD_CAP,A,1993,223.3557,,29.37127455
ISL,PHARMAEXP,TOT,USD_CAP,A,1994,240.5709,,31.89970134
ISL,PHARMAEXP,TOT,USD_CAP,A,1995,255.3973,,34.04446009
ISL,PHARMAEXP,TOT,USD_CAP,A,1996,276.3589,,37.05972849
ISL,PHARMAEXP,TOT,USD_CAP,A,1997,319.3291,,43.14136141
ISL,PHARMAEXP,TOT,USD_CAP,A,1998,349.4721,,47.77283607
ISL,PHARMAEXP,TOT,USD_CAP,A,1999,374.6064,,51.84552576
ISL,PHARMAEXP,TOT,USD_CAP,A,2000,396.4545,,55.6622118
ISL,PHARMAEXP,TOT,USD_CAP,A,2001,400.3625,,56.9703826625
ISL,PHARMAEXP,TOT,USD_CAP,A,2002,442.2647,,63.5529951253
ISL,PHARMAEXP,TOT,USD_CAP,A,2003,487.4764,,70.4691009076
ISL,PHARMAEXP,TOT,USD_CAP,A,2004,513.906,D,74.97374634
ISL,PHARMAEXP,TOT,USD_CAP,A,2005,475.4857,D,70.0937244655
ISL,PHARMAEXP,TOT,USD_CAP,A,2006,465.8258,D,69.8957638126
ISL,PHARMAEXP,TOT,USD_CAP,A,2007,455.8884,D,69.536657652
ISL,PHARMAEXP,TOT,USD_CAP,A,2008,528.6845,D,82.5694165255
ISL,PHARMAEXP,TOT,USD_CAP,A,2009,567.7606,D,89.5347110988
ISL,PHARMAEXP,TOT,USD_CAP,A,2010,538.5963,D,85.1886995784
ISL,PHARMAEXP,TOT,USD_CAP,A,2011,518.1617,,82.2991046493
ISL,PHARMAEXP,TOT,USD_CAP,A,2012,506.8256,D,80.998333264
ISL,PHARMAEXP,TOT,USD_CAP,A,2013,505.9994,D,81.6612191684
ISL,PHARMAEXP,TOT,USD_CAP,A,2014,490.2653,D,79.9786943175
IRL,PHARMAEXP,TOT,USD_CAP,A,1975,37.7649,,59.67987147
IRL,PHARMAEXP,TOT,USD_CAP,A,1976,39.1542,,62.842491
IRL,PHARMAEXP,TOT,USD_CAP,A,1977,41.877,,68.1296913
IRL,PHARMAEXP,TOT,USD_CAP,A,1978,48.0813,,79.2379824
IRL,PHARMAEXP,TOT,USD_CAP,A,1979,51.7824,,86.73034176
IRL,PHARMAEXP,TOT,USD_CAP,A,1980,56.3269,,95.3051148
IRL,PHARMAEXP,TOT,USD_CAP,A,1981,53.4963,,91.69800783
IRL,PHARMAEXP,TOT,USD_CAP,A,1982,56.4988,,97.9689192
IRL,PHARMAEXP,TOT,USD_CAP,A,1983,55.9963,,97.86473351
IRL,PHARMAEXP,TOT,USD_CAP,A,1984,61.0567,,107.5819054
IRL,PHARMAEXP,TOT,USD_CAP,A,1985,65.2013,,115.3410997
IRL,PHARMAEXP,TOT,USD_CAP,A,1986,68.4257,,121.1819147
IRL,PHARMAEXP,TOT,USD_CAP,A,1987,73.413,,130.3961706
IRL,PHARMAEXP,TOT,USD_CAP,A,1988,79.5448,,140.94543112
IRL,PHARMAEXP,TOT,USD_CAP,A,1989,89.0807,,157.27197585
IRL,PHARMAEXP,TOT,USD_CAP,A,1990,95.9005,,169.08217155
IRL,PHARMAEXP,TOT,USD_CAP,A,1991,101.8639,,180.53338997
IRL,PHARMAEXP,TOT,USD_CAP,A,1992,110.5752,,197.49836472
IRL,PHARMAEXP,TOT,USD_CAP,A,1993,117.342,,210.7579662
IRL,PHARMAEXP,TOT,USD_CAP,A,1994,125.5679,,226.34869654
IRL,PHARMAEXP,TOT,USD_CAP,A,1995,135.4643,,245.58322947
IRL,PHARMAEXP,TOT,USD_CAP,A,1996,152.518,,278.4826162
IRL,PHARMAEXP,TOT,USD_CAP,A,1997,162.1916,,299.22728284
IRL,PHARMAEXP,TOT,USD_CAP,A,1998,182.5209,,340.25546178
IRL,PHARMAEXP,TOT,USD_CAP,A,1999,207.2088,,390.1741704
IRL,PHARMAEXP,TOT,USD_CAP,A,2000,247.9466,,472.73498756
IRL,PHARMAEXP,TOT,USD_CAP,A,2001,293.6677,,567.98269857
IRL,PHARMAEXP,TOT,USD_CAP,A,2002,339.7688,,669.6843048
IRL,PHARMAEXP,TOT,USD_CAP,A,2003,380.3543,,761.81162747
IRL,PHARMAEXP,TOT,USD_CAP,A,2004,431.3615,,877.08733795
IRL,PHARMAEXP,TOT,USD_CAP,A,2005,479.2085,,992.920012
IRL,PHARMAEXP,TOT,USD_CAP,A,2006,544.0566,,1151.00614296
IRL,PHARMAEXP,TOT,USD_CAP,A,2007,596.8624,,1303.90559904
IRL,PHARMAEXP,TOT,USD_CAP,A,2008,638.2478,,1433.8236827
IRL,PHARMAEXP,TOT,USD_CAP,A,2009,667.1097,,1518.40838817
IRL,PHARMAEXP,TOT,USD_CAP,A,2010,679.3251,,1557.42072426
IRL,PHARMAEXP,TOT,USD_CAP,A,2011,650.854,,1499.8279576
IRL,PHARMAEXP,TOT,USD_CAP,A,2012,656.3849,,1520.05615142
IRL,PHARMAEXP,TOT,USD_CAP,A,2013,722.797,B,1676.3830821
IRL,PHARMAEXP,TOT,USD_CAP,A,2014,703.3938,,1638.83721462
ITA,PHARMAEXP,TOT,USD_CAP,A,1988,247.9225,,7221.2386575
ITA,PHARMAEXP,TOT,USD_CAP,A,1989,268.1372,,7821.0258496
ITA,PHARMAEXP,TOT,USD_CAP,A,1990,274.7038,,8012.0110308
ITA,PHARMAEXP,TOT,USD_CAP,A,1991,290.6004,,8476.2324672
ITA,PHARMAEXP,TOT,USD_CAP,A,1992,301.8188,,8819.145336
ITA,PHARMAEXP,TOT,USD_CAP,A,1993,288.9235,,8382.18790806
ITA,PHARMAEXP,TOT,USD_CAP,A,1994,291.4221,,8482.44346425
ITA,PHARMAEXP,TOT,USD_CAP,A,1995,294.5137,B,8593.82141189
ITA,PHARMAEXP,TOT,USD_CAP,A,1996,314.8784,,9202.51646461
ITA,PHARMAEXP,TOT,USD_CAP,A,1997,341.687,,10002.7126646
ITA,PHARMAEXP,TOT,USD_CAP,A,1998,369.9997,,10846.9667052
ITA,PHARMAEXP,TOT,USD_CAP,A,1999,390.847,,11466.9741467
ITA,PHARMAEXP,TOT,USD_CAP,A,2000,427.2697,,12558.7382921
ITA,PHARMAEXP,TOT,USD_CAP,A,2001,481.0191,,14173.2277815
ITA,PHARMAEXP,TOT,USD_CAP,A,2002,481.4777,,14215.1476148
ITA,PHARMAEXP,TOT,USD_CAP,A,2003,477.8978,,14109.932545
ITA,PHARMAEXP,TOT,USD_CAP,A,2004,494.6056,,14594.045514
ITA,PHARMAEXP,TOT,USD_CAP,A,2005,505.0457,,15003.6855364
ITA,PHARMAEXP,TOT,USD_CAP,A,2006,543.9713,,16233.0392226
ITA,PHARMAEXP,TOT,USD_CAP,A,2007,550.4332,,16508.6750994
ITA,PHARMAEXP,TOT,USD_CAP,A,2008,577.7234,,17469.9223234
ITA,PHARMAEXP,TOT,USD_CAP,A,2009,581.2027,,17699.7959131
ITA,PHARMAEXP,TOT,USD_CAP,A,2010,582.7964,,17838.9315669
ITA,PHARMAEXP,TOT,USD_CAP,A,2011,587.6796,,18068.6324313
ITA,PHARMAEXP,TOT,USD_CAP,A,2012,575.3258,,17754.6634999
ITA,PHARMAEXP,TOT,USD_CAP,A,2013,583.796,,18098.1605507
ITA,PHARMAEXP,TOT,USD_CAP,A,2014,544.2059,B,16922.0606923
JPN,PHARMAEXP,TOT,USD_CAP,A,1980,115.3592,,6860.0655464
JPN,PHARMAEXP,TOT,USD_CAP,A,1984,152.5359,,9316.892772
JPN,PHARMAEXP,TOT,USD_CAP,A,1985,155.1714,,9551.1100128
JPN,PHARMAEXP,TOT,USD_CAP,A,1986,169.0109,,10456.1973503
JPN,PHARMAEXP,TOT,USD_CAP,A,1987,192.985,,11998.456405
JPN,PHARMAEXP,TOT,USD_CAP,A,1988,207.2022,,12935.8405482
JPN,PHARMAEXP,TOT,USD_CAP,A,1989,234.6631,,14707.0404663
JPN,PHARMAEXP,TOT,USD_CAP,A,1990,239.2258,,15050.6519812
JPN,PHARMAEXP,TOT,USD_CAP,A,1991,273.5047,,17268.8132533
JPN,PHARMAEXP,TOT,USD_CAP,A,1992,282.4522,,17895.0415832
JPN,PHARMAEXP,TOT,USD_CAP,A,1993,305.192,,19390.678912
JPN,PHARMAEXP,TOT,USD_CAP,A,1994,309.352,,19707.578512
JPN,PHARMAEXP,TOT,USD_CAP,A,1995,309.1641,,19785.2657436
JPN,PHARMAEXP,TOT,USD_CAP,A,1996,315.8322,,20269.1630994
JPN,PHARMAEXP,TOT,USD_CAP,A,1997,313.4264,,20172.4365304
JPN,PHARMAEXP,TOT,USD_CAP,A,1998,297.2591,,19193.4255688
JPN,PHARMAEXP,TOT,USD_CAP,A,1999,320.554,,20744.331556
JPN,PHARMAEXP,TOT,USD_CAP,A,2000,352.4419,,22843.5217485
JPN,PHARMAEXP,TOT,USD_CAP,A,2001,380.9193,,24777.6577071
JPN,PHARMAEXP,TOT,USD_CAP,A,2002,392.3122,,25572.0861326
JPN,PHARMAEXP,TOT,USD_CAP,A,2003,429.3783,,28044.8436645
JPN,PHARMAEXP,TOT,USD_CAP,A,2004,452.9754,,29620.9673568
JPN,PHARMAEXP,TOT,USD_CAP,A,2005,487.6811,,31903.6098809
JPN,PHARMAEXP,TOT,USD_CAP,A,2006,510.5979,,33413.526576
JPN,PHARMAEXP,TOT,USD_CAP,A,2007,544.0083,,35611.3273263
JPN,PHARMAEXP,TOT,USD_CAP,A,2008,567.7201,,37152.1710641
JPN,PHARMAEXP,TOT,USD_CAP,A,2009,629.1567,,41134.265046
JPN,PHARMAEXP,TOT,USD_CAP,A,2010,656.1511,,43128.811803
JPN,PHARMAEXP,TOT,USD_CAP,A,2011,718.4562,,47141.503563
JPN,PHARMAEXP,TOT,USD_CAP,A,2012,758.65,,49680.9539
JPN,PHARMAEXP,TOT,USD_CAP,A,2013,782.7626,,51183.2808888
KOR,PHARMAEXP,TOT,USD_CAP,A,1970,3.3364,,53.156258808
KOR,PHARMAEXP,TOT,USD_CAP,A,1971,3.1604,,51.305364728
KOR,PHARMAEXP,TOT,USD_CAP,A,1972,3.2375,,53.580527875
KOR,PHARMAEXP,TOT,USD_CAP,A,1973,3.2898,,55.493234646
KOR,PHARMAEXP,TOT,USD_CAP,A,1974,3.3325,,57.2458183
KOR,PHARMAEXP,TOT,USD_CAP,A,1975,5.9503,,104.21890947
KOR,PHARMAEXP,TOT,USD_CAP,A,1976,7.2009,,128.104155018
KOR,PHARMAEXP,TOT,USD_CAP,A,1977,7.8053,,140.982294614
KOR,PHARMAEXP,TOT,USD_CAP,A,1978,10.1163,,185.451303459
KOR,PHARMAEXP,TOT,USD_CAP,A,1979,15.4053,,286.613757864
KOR,PHARMAEXP,TOT,USD_CAP,A,1980,17.8459,,337.074073036
KOR,PHARMAEXP,TOT,USD_CAP,A,1981,21.8612,,419.463305284
KOR,PHARMAEXP,TOT,USD_CAP,A,1982,24.4741,,476.974755936
KOR,PHARMAEXP,TOT,USD_CAP,A,1983,27.5669,,545.308567632
KOR,PHARMAEXP,TOT,USD_CAP,A,1984,29.2345,,585.58983791
KOR,PHARMAEXP,TOT,USD_CAP,A,1985,32.7019,,661.564015266
KOR,PHARMAEXP,TOT,USD_CAP,A,1986,35.4067,,723.772431256
KOR,PHARMAEXP,TOT,USD_CAP,A,1987,39.4231,,814.548659501
KOR,PHARMAEXP,TOT,USD_CAP,A,1988,46.5359,,971.484379118
KOR,PHARMAEXP,TOT,USD_CAP,A,1989,59.9094,,1263.58809651
KOR,PHARMAEXP,TOT,USD_CAP,A,1990,65.7922,,1401.44623142
KOR,PHARMAEXP,TOT,USD_CAP,A,1991,71.3505,,1534.87697239
KOR,PHARMAEXP,TOT,USD_CAP,A,1992,77.4026,,1682.29210321
KOR,PHARMAEXP,TOT,USD_CAP,A,1993,84.0563,,1845.20978154
KOR,PHARMAEXP,TOT,USD_CAP,A,1994,91.1584,,2020.89421594
KOR,PHARMAEXP,TOT,USD_CAP,A,1995,103.9897,,2328.0860471
KOR,PHARMAEXP,TOT,USD_CAP,A,1996,119.9918,,2711.83507861
KOR,PHARMAEXP,TOT,USD_CAP,A,1997,127.1771,,2900.33608228
KOR,PHARMAEXP,TOT,USD_CAP,A,1998,121.6447,,2796.70653587
KOR,PHARMAEXP,TOT,USD_CAP,A,1999,144.4026,,3344.19670898
KOR,PHARMAEXP,TOT,USD_CAP,A,2000,175.6395,,4099.66128693
KOR,PHARMAEXP,TOT,USD_CAP,A,2001,201.6972,,4742.75435116
KOR,PHARMAEXP,TOT,USD_CAP,A,2002,215.6248,,5099.98795707
KOR,PHARMAEXP,TOT,USD_CAP,A,2003,255.1309,,6064.36199195
KOR,PHARMAEXP,TOT,USD_CAP,A,2004,279.3298,,6668.70009211
KOR,PHARMAEXP,TOT,USD_CAP,A,2005,308.0177,,7376.15222491
KOR,PHARMAEXP,TOT,USD_CAP,A,2006,359.1211,,8643.73962406
KOR,PHARMAEXP,TOT,USD_CAP,A,2007,382.1006,,9242.07354652
KOR,PHARMAEXP,TOT,USD_CAP,A,2008,400.7713,,9767.8145401
KOR,PHARMAEXP,TOT,USD_CAP,A,2009,420.6088,,10312.2930784
KOR,PHARMAEXP,TOT,USD_CAP,A,2010,453.7485,,11186.0757336
KOR,PHARMAEXP,TOT,USD_CAP,A,2011,466.3212,,11582.0662765
KOR,PHARMAEXP,TOT,USD_CAP,A,2012,459.941,,11482.3718721
KOR,PHARMAEXP,TOT,USD_CAP,A,2013,470.9193,,11813.9524791
KOR,PHARMAEXP,TOT,USD_CAP,A,2014,487.4256,,12285.0748224
LUX,PHARMAEXP,TOT,USD_CAP,A,1995,274.8046,,57.1695245702
LUX,PHARMAEXP,TOT,USD_CAP,A,1996,275.9418,,58.1889511332
LUX,PHARMAEXP,TOT,USD_CAP,A,1997,303.8553,,64.8500135472
LUX,PHARMAEXP,TOT,USD_CAP,A,1998,316.8503,,68.3915035544
LUX,PHARMAEXP,TOT,USD_CAP,A,1999,356.9362,,77.9894888914
LUX,PHARMAEXP,TOT,USD_CAP,A,2000,382.5495,B,84.65820435
LUX,PHARMAEXP,TOT,USD_CAP,A,2001,415.5978,,93.0939072
LUX,PHARMAEXP,TOT,USD_CAP,A,2002,459.4361,,103.97038943
LUX,PHARMAEXP,TOT,USD_CAP,A,2003,491.1128,,111.92460712
LUX,PHARMAEXP,TOT,USD_CAP,A,2004,526.8263,,121.32809689
LUX,PHARMAEXP,TOT,USD_CAP,A,2005,519.6022,,121.11927282
LUX,PHARMAEXP,TOT,USD_CAP,A,2006,562.2157,,133.2451209
LUX,PHARMAEXP,TOT,USD_CAP,A,2007,587.1026,,141.13946504
LUX,PHARMAEXP,TOT,USD_CAP,A,2008,607.325,,148.308765
LUX,PHARMAEXP,TOT,USD_CAP,A,2009,626.6435,,155.84623845
LUX,PHARMAEXP,TOT,USD_CAP,A,2010,618.9361,,156.40515247
LUX,PHARMAEXP,TOT,USD_CAP,A,2011,536.2454,B,137.92231688
LUX,PHARMAEXP,TOT,USD_CAP,A,2012,549.8183,,144.6022129
LUX,PHARMAEXP,TOT,USD_CAP,A,2013,565.3348,P,151.84892728
LUX,PHARMAEXP,TOT,USD_CAP,A,2014,563.0244,P,154.60650024
MEX,PHARMAEXP,TOT,USD_CAP,A,1999,85.0222,,4166.38452748
MEX,PHARMAEXP,TOT,USD_CAP,A,2000,96.5687,,4801.02300882
MEX,PHARMAEXP,TOT,USD_CAP,A,2001,105.263,,5305.58572582
MEX,PHARMAEXP,TOT,USD_CAP,A,2002,120.7261,,6162.67263065
MEX,PHARMAEXP,TOT,USD_CAP,A,2003,230.6509,B,11910.4388215
MEX,PHARMAEXP,TOT,USD_CAP,A,2004,242.4807,,12654.4106103
MEX,PHARMAEXP,TOT,USD_CAP,A,2005,260.1944,,14232.9381074
MEX,PHARMAEXP,TOT,USD_CAP,A,2006,267.9837,,14845.6377401
MEX,PHARMAEXP,TOT,USD_CAP,A,2007,279.0117,,15663.9763189
MEX,PHARMAEXP,TOT,USD_CAP,A,2008,280.6724,,15977.3774121
MEX,PHARMAEXP,TOT,USD_CAP,A,2009,288.5659,,16652.4888157
MEX,PHARMAEXP,TOT,USD_CAP,A,2010,287.0493,,16779.0764445
MEX,PHARMAEXP,TOT,USD_CAP,A,2011,265.7899,,15724.946459
MEX,PHARMAEXP,TOT,USD_CAP,A,2012,289.3438,,17325.7562852
MEX,PHARMAEXP,TOT,USD_CAP,A,2013,279.3099,,16921.7389126
MEX,PHARMAEXP,TOT,USD_CAP,A,2014,279.1165,B,17103.5055054
NLD,PHARMAEXP,TOT,USD_CAP,A,1972,32.8955,,219.699932446
NLD,PHARMAEXP,TOT,USD_CAP,A,1973,35.0476,,236.238628181
NLD,PHARMAEXP,TOT,USD_CAP,A,1974,37.777,,256.815676954
NLD,PHARMAEXP,TOT,USD_CAP,A,1975,41.527,,284.962052957
NLD,PHARMAEXP,TOT,USD_CAP,A,1976,43.4041,,300.348819687
NLD,PHARMAEXP,TOT,USD_CAP,A,1977,45.6765,,318.219177229
NLD,PHARMAEXP,TOT,USD_CAP,A,1978,49.383,,346.440066093
NLD,PHARMAEXP,TOT,USD_CAP,A,1979,53.6247,,379.041312102
NLD,PHARMAEXP,TOT,USD_CAP,A,1980,58.7526,,418.81338515
NLD,PHARMAEXP,TOT,USD_CAP,A,1981,63.9156,,459.053855333
NLD,PHARMAEXP,TOT,USD_CAP,A,1982,71.2531,,514.490703885
NLD,PHARMAEXP,TOT,USD_CAP,A,1983,74.4052,,539.712627214
NLD,PHARMAEXP,TOT,USD_CAP,A,1984,82.1117,,598.374644203
NLD,PHARMAEXP,TOT,USD_CAP,A,1985,89.6573,,656.699645687
NLD,PHARMAEXP,TOT,USD_CAP,A,1986,98.423,,725.165605281
NLD,PHARMAEXP,TOT,USD_CAP,A,1987,108.368,,803.664565392
NLD,PHARMAEXP,TOT,USD_CAP,A,1988,114.8554,,857.394871868
NLD,PHARMAEXP,TOT,USD_CAP,A,1989,120.916,,908.244935836
NLD,PHARMAEXP,TOT,USD_CAP,A,1990,135.3239,,1023.38942958
NLD,PHARMAEXP,TOT,USD_CAP,A,1991,145.3754,,1107.73670643
NLD,PHARMAEXP,TOT,USD_CAP,A,1992,167.385,,1284.90099058
NLD,PHARMAEXP,TOT,USD_CAP,A,1993,182.9994,,1414.54693213
NLD,PHARMAEXP,TOT,USD_CAP,A,1994,186.3928,,1449.4189309
NLD,PHARMAEXP,TOT,USD_CAP,A,1995,197.0107,,1539.46525108
NLD,PHARMAEXP,TOT,USD_CAP,A,1996,204.4913,,1605.45138072
NLD,PHARMAEXP,TOT,USD_CAP,A,1997,209.5567,,1653.86569286
NLD,PHARMAEXP,TOT,USD_CAP,A,1998,230.689,B,1831.7943093
NLD,PHARMAEXP,TOT,USD_CAP,A,1999,249.2002,,1991.68101406
NLD,PHARMAEXP,TOT,USD_CAP,A,2000,273.3001,,2199.36233054
NLD,PHARMAEXP,TOT,USD_CAP,A,2001,298.5904,,2420.15551282
NLD,PHARMAEXP,TOT,USD_CAP,A,2002,324.5363,,2646.66135459
NLD,PHARMAEXP,TOT,USD_CAP,A,2005,385.2308,B,3177.45105379
NLD,PHARMAEXP,TOT,USD_CAP,A,2006,406.8884,,3362.17622046
NLD,PHARMAEXP,TOT,USD_CAP,A,2007,443.7637,,3674.98559271
NLD,PHARMAEXP,TOT,USD_CAP,A,2008,453.3143,,3767.65743382
NLD,PHARMAEXP,TOT,USD_CAP,A,2009,453.6011,,3787.7742127
NLD,PHARMAEXP,TOT,USD_CAP,A,2010,457.2409,,3837.12676732
NLD,PHARMAEXP,TOT,USD_CAP,A,2011,465.1039,,3920.7779713
NLD,PHARMAEXP,TOT,USD_CAP,A,2012,419.2013,,3546.38263301
NLD,PHARMAEXP,TOT,USD_CAP,A,2013,406.5655,,3449.12687883
NLD,PHARMAEXP,TOT,USD_CAP,A,2014,400.7423,,0
NZL,PHARMAEXP,TOT,USD_CAP,A,1971,24.5485,,35.1780005
NZL,PHARMAEXP,TOT,USD_CAP,A,1976,41.6343,,64.949508
NZL,PHARMAEXP,TOT,USD_CAP,A,1980,57.2186,,90.405388
NZL,PHARMAEXP,TOT,USD_CAP,A,1981,57.9056,,91.8961872
NZL,PHARMAEXP,TOT,USD_CAP,A,1982,68.0196,,108.9673992
NZL,PHARMAEXP,TOT,USD_CAP,A,1983,74.6676,,121.1855148
NZL,PHARMAEXP,TOT,USD_CAP,A,1984,80.5372,,132.081008
NZL,PHARMAEXP,TOT,USD_CAP,A,1985,81.3762,,134.3521062
NZL,PHARMAEXP,TOT,USD_CAP,A,1986,95.7824,,158.4240896
NZL,PHARMAEXP,TOT,USD_CAP,A,1987,108.9731,,181.985077
NZL,PHARMAEXP,TOT,USD_CAP,A,1988,118.8376,,199.5283304
NZL,PHARMAEXP,TOT,USD_CAP,A,1989,128.3018,,216.7017402
NZL,PHARMAEXP,TOT,USD_CAP,A,1990,133.7857,,228.2384042
NZL,PHARMAEXP,TOT,USD_CAP,A,1991,145.4491,,258.28851178
NZL,PHARMAEXP,TOT,USD_CAP,A,1992,153.2277,,274.69129779
NZL,PHARMAEXP,TOT,USD_CAP,A,1993,164.1846,,297.63384288
NZL,PHARMAEXP,TOT,USD_CAP,A,1994,187.3643,,344.05706409
NZL,PHARMAEXP,TOT,USD_CAP,A,1995,183.6618,,342.08846868
NZL,PHARMAEXP,TOT,USD_CAP,A,1996,185.0063,,349.79141141
NZL,PHARMAEXP,TOT,USD_CAP,A,1997,194.9501,,373.85580677
NZL,PHARMAEXP,TOT,USD_CAP,A,2004,213.3795,,444.6402021
NZL,PHARMAEXP,TOT,USD_CAP,A,2005,227.2506,,479.20334022
NZL,PHARMAEXP,TOT,USD_CAP,A,2006,270.7676,,578.41374712
NZL,PHARMAEXP,TOT,USD_CAP,A,2007,254.095,,548.1591435
NOR,PHARMAEXP,TOT,USD_CAP,A,1970,11.4045,,22.238775
NOR,PHARMAEXP,TOT,USD_CAP,A,1971,12.4365,,24.400413
NOR,PHARMAEXP,TOT,USD_CAP,A,1972,13.3248,,26.3431296
NOR,PHARMAEXP,TOT,USD_CAP,A,1973,14.8303,,29.5419576
NOR,PHARMAEXP,TOT,USD_CAP,A,1974,17.1165,,34.3185825
NOR,PHARMAEXP,TOT,USD_CAP,A,1975,20.7859,,41.9251603
NOR,PHARMAEXP,TOT,USD_CAP,A,1976,22.9188,,46.4564076
NOR,PHARMAEXP,TOT,USD_CAP,A,1977,24.3109,,49.5213033
NOR,PHARMAEXP,TOT,USD_CAP,A,1978,25.8005,,52.787823
NOR,PHARMAEXP,TOT,USD_CAP,A,1979,27.7082,,56.8849346
NOR,PHARMAEXP,TOT,USD_CAP,A,1980,58.2678,,120.0899358
NOR,PHARMAEXP,TOT,USD_CAP,A,1981,63.8313,,132.0669597
NOR,PHARMAEXP,TOT,USD_CAP,A,1982,70.3977,,146.2864206
NOR,PHARMAEXP,TOT,USD_CAP,A,1983,76.7903,,160.1077755
NOR,PHARMAEXP,TOT,USD_CAP,A,1984,81.1211,,169.7053412
NOR,PHARMAEXP,TOT,USD_CAP,A,1985,85.8233,,180.22893
NOR,PHARMAEXP,TOT,USD_CAP,A,1986,96.6753,,203.8882077
NOR,PHARMAEXP,TOT,USD_CAP,A,1987,102.561,,217.121637
NOR,PHARMAEXP,TOT,USD_CAP,A,1988,80.4345,,171.0841815
NOR,PHARMAEXP,TOT,USD_CAP,A,1989,86.3033,,184.3438488
NOR,PHARMAEXP,TOT,USD_CAP,A,1990,98.9141,,212.0718304
NOR,PHARMAEXP,TOT,USD_CAP,A,1991,110.9337,,239.0621235
NOR,PHARMAEXP,TOT,USD_CAP,A,1992,120.8308,,261.8403436
NOR,PHARMAEXP,TOT,USD_CAP,A,1993,159.0485,B,346.5666815
NOR,PHARMAEXP,TOT,USD_CAP,A,1994,154.0771,,337.7370032
NOR,PHARMAEXP,TOT,USD_CAP,A,1995,166.5759,,367.067652695
NOR,PHARMAEXP,TOT,USD_CAP,A,1996,184.4128,,408.454251005
NOR,PHARMAEXP,TOT,USD_CAP,A,1997,212.3842,B,472.88000521
NOR,PHARMAEXP,TOT,USD_CAP,A,1998,225.8444,,505.695423061
NOR,PHARMAEXP,TOT,USD_CAP,A,1999,246.2762,,555.1065548
NOR,PHARMAEXP,TOT,USD_CAP,A,2000,289.6295,,656.5900765
NOR,PHARMAEXP,TOT,USD_CAP,A,2001,302.8758,B,689.6481966
NOR,PHARMAEXP,TOT,USD_CAP,A,2002,341.7338,,782.2286682
NOR,PHARMAEXP,TOT,USD_CAP,A,2003,355.0946,,817.4277692
NOR,PHARMAEXP,TOT,USD_CAP,A,2004,383.5067,,887.952621352
NOR,PHARMAEXP,TOT,USD_CAP,A,2005,389.3433,,907.273064974
NOR,PHARMAEXP,TOT,USD_CAP,A,2006,399.6847,,938.0599909
NOR,PHARMAEXP,TOT,USD_CAP,A,2007,392.7726,,929.2999716
NOR,PHARMAEXP,TOT,USD_CAP,A,2008,395.3583,,945.3016953
NOR,PHARMAEXP,TOT,USD_CAP,A,2009,387.4876,,936.876431495
NOR,PHARMAEXP,TOT,USD_CAP,A,2010,401.0269,,980.5107705
NOR,PHARMAEXP,TOT,USD_CAP,A,2011,441.1159,,1090.8796207
NOR,PHARMAEXP,TOT,USD_CAP,A,2012,443.7613,,1109.8470113
NOR,PHARMAEXP,TOT,USD_CAP,A,2013,452.7966,,1144.6698048
NOR,PHARMAEXP,TOT,USD_CAP,A,2014,457.3797,P,1168.1477538
NOR,PHARMAEXP,TOT,USD_CAP,A,2015,501.9827,P,0
POL,PHARMAEXP,TOT,USD_CAP,A,2002,207.9548,,4099.828882
POL,PHARMAEXP,TOT,USD_CAP,A,2003,226.7531,,4467.4895762
POL,PHARMAEXP,TOT,USD_CAP,A,2004,238.8836,,4706.4846872
POL,PHARMAEXP,TOT,USD_CAP,A,2005,239.9754,,4727.51538
POL,PHARMAEXP,TOT,USD_CAP,A,2006,254.2489,,5007.6863344
POL,PHARMAEXP,TOT,USD_CAP,A,2007,263.4521,,5189.7429179
POL,PHARMAEXP,TOT,USD_CAP,A,2008,284.9367,,5615.5324836
POL,PHARMAEXP,TOT,USD_CAP,A,2009,312.1552,,6158.822096
POL,PHARMAEXP,TOT,USD_CAP,A,2010,326.2366,,6481.9950054
POL,PHARMAEXP,TOT,USD_CAP,A,2011,339.0674,,6739.3036424
POL,PHARMAEXP,TOT,USD_CAP,A,2012,325.7617,,6476.7941194
POL,PHARMAEXP,TOT,USD_CAP,A,2013,339.0404,B,6736.0546672
POL,PHARMAEXP,TOT,USD_CAP,A,2014,338.9912,,6732.7042232
PRT,PHARMAEXP,TOT,USD_CAP,A,1970,6.4515,,29.3332350465
PRT,PHARMAEXP,TOT,USD_CAP,A,1977,33.6051,,165.91846023
PRT,PHARMAEXP,TOT,USD_CAP,A,1978,44.1445,,219.803632233
PRT,PHARMAEXP,TOT,USD_CAP,A,1979,50.165,,251.894768625
PRT,PHARMAEXP,TOT,USD_CAP,A,1980,55.427,,280.76380569
PRT,PHARMAEXP,TOT,USD_CAP,A,1981,59.4529,,303.471442213
PRT,PHARMAEXP,TOT,USD_CAP,A,1982,63.2428,,324.732931646
PRT,PHARMAEXP,TOT,USD_CAP,A,1983,65.5656,,338.141141052
PRT,PHARMAEXP,TOT,USD_CAP,A,1984,69.7636,,361.097091236
PRT,PHARMAEXP,TOT,USD_CAP,A,1985,100.9638,,523.96759238
PRT,PHARMAEXP,TOT,USD_CAP,A,1986,105.0007,,545.401040983
PRT,PHARMAEXP,TOT,USD_CAP,A,1987,122.7025,,637.180094415
PRT,PHARMAEXP,TOT,USD_CAP,A,1988,130.6355,,677.715288507
PRT,PHARMAEXP,TOT,USD_CAP,A,1989,139.1303,,720.824484309
PRT,PHARMAEXP,TOT,USD_CAP,A,1990,156.1085,,807.124967597
PRT,PHARMAEXP,TOT,USD_CAP,A,1991,180.9647,,933.663844239
PRT,PHARMAEXP,TOT,USD_CAP,A,1992,196.0777,,1011.14524802
PRT,PHARMAEXP,TOT,USD_CAP,A,1993,211.8562,,1094.06397463
PRT,PHARMAEXP,TOT,USD_CAP,A,1994,215.5683,,1116.23701662
PRT,PHARMAEXP,TOT,USD_CAP,A,1995,238.91,B,1241.19431058
PRT,PHARMAEXP,TOT,USD_CAP,A,1996,260.2461,,1356.84769403
PRT,PHARMAEXP,TOT,USD_CAP,A,1997,275.7296,,1443.72680311
PRT,PHARMAEXP,TOT,USD_CAP,A,1998,281.7202,,1482.24829468
PRT,PHARMAEXP,TOT,USD_CAP,A,2000,327.0505,B,1741.41113
PRT,PHARMAEXP,TOT,USD_CAP,A,2001,351.276,,1882.77086118
PRT,PHARMAEXP,TOT,USD_CAP,A,2002,372.9423,,2010.63375255
PRT,PHARMAEXP,TOT,USD_CAP,A,2003,393.2273,,2129.91016527
PRT,PHARMAEXP,TOT,USD_CAP,A,2004,421.4359,,2289.80242573
PRT,PHARMAEXP,TOT,USD_CAP,A,2005,459.9626,,2505.44479988
PRT,PHARMAEXP,TOT,USD_CAP,A,2006,487.2889,,2660.93069961
PRT,PHARMAEXP,TOT,USD_CAP,A,2007,506.1541,,2771.64518696
PRT,PHARMAEXP,TOT,USD_CAP,A,2008,517.0097,,2838.47786578
PRT,PHARMAEXP,TOT,USD_CAP,A,2009,521.8271,,2871.74707538
PRT,PHARMAEXP,TOT,USD_CAP,A,2010,509.7889,,2811.20845834
PRT,PHARMAEXP,TOT,USD_CAP,A,2011,471.6194,,2601.24934244
PRT,PHARMAEXP,TOT,USD_CAP,A,2012,421.9019,,2321.20974777
PRT,PHARMAEXP,TOT,USD_CAP,A,2013,396.3588,,2172.2194328
PRT,PHARMAEXP,TOT,USD_CAP,A,2014,398.6347,,0
SVK,PHARMAEXP,TOT,USD_CAP,A,1999,203.7967,,564.844971687
SVK,PHARMAEXP,TOT,USD_CAP,A,2000,205.6428,,569.610197363
SVK,PHARMAEXP,TOT,USD_CAP,A,2001,226.4684,,626.55879886
SVK,PHARMAEXP,TOT,USD_CAP,A,2002,272.2375,,753.029070575
SVK,PHARMAEXP,TOT,USD_CAP,A,2003,305.4379,,844.361999335
SVK,PHARMAEXP,TOT,USD_CAP,A,2004,332.0112,,917.580017462
SVK,PHARMAEXP,TOT,USD_CAP,A,2005,364.0793,B,1006.084723
SVK,PHARMAEXP,TOT,USD_CAP,A,2006,402.9535,,1113.27952685
SVK,PHARMAEXP,TOT,USD_CAP,A,2007,453.9775,,1254.09014488
SVK,PHARMAEXP,TOT,USD_CAP,A,2008,502.2213,,1387.74794059
SVK,PHARMAEXP,TOT,USD_CAP,A,2009,544.3513,,1505.3839235
SVK,PHARMAEXP,TOT,USD_CAP,A,2010,559.9845,,1549.51519045
SVK,PHARMAEXP,TOT,USD_CAP,A,2011,537.5957,,1489.09761894
SVK,PHARMAEXP,TOT,USD_CAP,A,2012,530.7565,,1472.16620388
SVK,PHARMAEXP,TOT,USD_CAP,A,2013,550.0898,,1527.53831463
SVK,PHARMAEXP,TOT,USD_CAP,A,2014,532.617,B,0
ESP,PHARMAEXP,TOT,USD_CAP,A,1980,76.5994,,1464.68623517
ESP,PHARMAEXP,TOT,USD_CAP,A,1981,83.9313,,1614.13151045
ESP,PHARMAEXP,TOT,USD_CAP,A,1982,94.4537,,1826.98297123
ESP,PHARMAEXP,TOT,USD_CAP,A,1983,95.2015,,1849.76038493
ESP,PHARMAEXP,TOT,USD_CAP,A,1984,89.8842,,1754.06050121
ESP,PHARMAEXP,TOT,USD_CAP,A,1985,101.062,,1979.8197393
ESP,PHARMAEXP,TOT,USD_CAP,A,1986,98.3587,,1932.42977281
ESP,PHARMAEXP,TOT,USD_CAP,A,1987,105.8718,,2086.48120312
ESP,PHARMAEXP,TOT,USD_CAP,A,1988,121.7455,,2405.15783471
ESP,PHARMAEXP,TOT,USD_CAP,A,1989,138.1417,,2734.08671223
ESP,PHARMAEXP,TOT,USD_CAP,A,1990,155.0091,,3072.64463338
ESP,PHARMAEXP,TOT,USD_CAP,A,1995,228.821,,4636.36652558
ESP,PHARMAEXP,TOT,USD_CAP,A,1996,246.4587,,5014.5817979
ESP,PHARMAEXP,TOT,USD_CAP,A,1997,269.2876,,5501.84996299
ESP,PHARMAEXP,TOT,USD_CAP,A,1998,290.3651,,5956.62805998
ESP,PHARMAEXP,TOT,USD_CAP,A,1999,311.1486,B,6407.33687996
ESP,PHARMAEXP,TOT,USD_CAP,A,2000,327.3126,,6770.70661545
ESP,PHARMAEXP,TOT,USD_CAP,A,2001,345.6902,,7187.9397855
ESP,PHARMAEXP,TOT,USD_CAP,A,2002,379.9675,,8016.04895822
ESP,PHARMAEXP,TOT,USD_CAP,A,2003,417.4352,B,8957.4205317
ESP,PHARMAEXP,TOT,USD_CAP,A,2004,428.2561,,9321.47366333
ESP,PHARMAEXP,TOT,USD_CAP,A,2005,441.8459,,9773.91850784
ESP,PHARMAEXP,TOT,USD_CAP,A,2006,469.9339,,10554.6261066
ESP,PHARMAEXP,TOT,USD_CAP,A,2007,488.7015,,11178.5239019
ESP,PHARMAEXP,TOT,USD_CAP,A,2008,517.0778,,12009.8041061
ESP,PHARMAEXP,TOT,USD_CAP,A,2009,537.6077,,12597.7881145
ESP,PHARMAEXP,TOT,USD_CAP,A,2010,532.2738,,12537.1238578
ESP,PHARMAEXP,TOT,USD_CAP,A,2011,526.9645,,12469.5504242
ESP,PHARMAEXP,TOT,USD_CAP,A,2012,512.3575,,12148.3447281
ESP,PHARMAEXP,TOT,USD_CAP,A,2013,553.0873,,13085.7634435
ESP,PHARMAEXP,TOT,USD_CAP,A,2014,546.949,,12919.1158732
SWE,PHARMAEXP,TOT,USD_CAP,A,1970,20.3971,,82.1312280223
SWE,PHARMAEXP,TOT,USD_CAP,A,1971,23.5081,,95.3507107399
SWE,PHARMAEXP,TOT,USD_CAP,A,1972,27.8084,,113.243646769
SWE,PHARMAEXP,TOT,USD_CAP,A,1973,33.2807,,135.906896959
SWE,PHARMAEXP,TOT,USD_CAP,A,1974,37.4349,,153.450259593
SWE,PHARMAEXP,TOT,USD_CAP,A,1975,41.5681,,171.176064053
SWE,PHARMAEXP,TOT,USD_CAP,A,1976,43.6992,,180.712535501
SWE,PHARMAEXP,TOT,USD_CAP,A,1977,47.9545,,199.154750773
SWE,PHARMAEXP,TOT,USD_CAP,A,1978,51.0785,,212.926550199
SWE,PHARMAEXP,TOT,USD_CAP,A,1979,55.5228,,232.150654336
SWE,PHARMAEXP,TOT,USD_CAP,A,1980,60.4368,,253.401288581
SWE,PHARMAEXP,TOT,USD_CAP,A,1981,67.6139,,284.064182039
SWE,PHARMAEXP,TOT,USD_CAP,A,1982,76.3739,,321.325618253
SWE,PHARMAEXP,TOT,USD_CAP,A,1983,81.004,,341.211691128
SWE,PHARMAEXP,TOT,USD_CAP,A,1984,82.5202,,348.091411291
SWE,PHARMAEXP,TOT,USD_CAP,A,1985,88.3671,,373.488231606
SWE,PHARMAEXP,TOT,USD_CAP,A,1986,92.509,,392.008367644
SWE,PHARMAEXP,TOT,USD_CAP,A,1987,101.4201,,431.314634535
SWE,PHARMAEXP,TOT,USD_CAP,A,1988,98.6605,,421.502814428
SWE,PHARMAEXP,TOT,USD_CAP,A,1989,119.4856,,513.666563145
SWE,PHARMAEXP,TOT,USD_CAP,A,1990,125.6872,,544.324240452
SWE,PHARMAEXP,TOT,USD_CAP,A,1991,135.0438,,588.798395409
SWE,PHARMAEXP,TOT,USD_CAP,A,1992,155.7583,,683.072105835
SWE,PHARMAEXP,TOT,USD_CAP,A,1993,177.6601,B,783.621570139
SWE,PHARMAEXP,TOT,USD_CAP,A,1994,196.2936,,871.963848598
SWE,PHARMAEXP,TOT,USD_CAP,A,1995,214.4872,,957.851790067
SWE,PHARMAEXP,TOT,USD_CAP,A,1996,252.1319,,1127.81195829
SWE,PHARMAEXP,TOT,USD_CAP,A,1997,233.6071,,1045.44947345
SWE,PHARMAEXP,TOT,USD_CAP,A,1998,270.1944,,1209.71625904
SWE,PHARMAEXP,TOT,USD_CAP,A,1999,294.9926,,1321.56832296
SWE,PHARMAEXP,TOT,USD_CAP,A,2000,315.9741,,1417.35648907
SWE,PHARMAEXP,TOT,USD_CAP,A,2001,350.0072,B,1573.4087166
SWE,PHARMAEXP,TOT,USD_CAP,A,2002,378.6337,,1706.57099723
SWE,PHARMAEXP,TOT,USD_CAP,A,2003,385.7789,,1744.24027218
SWE,PHARMAEXP,TOT,USD_CAP,A,2004,399.8646,,1814.20448384
SWE,PHARMAEXP,TOT,USD_CAP,A,2005,395.6419,,1801.41335621
SWE,PHARMAEXP,TOT,USD_CAP,A,2006,427.7953,,1957.3637057
SWE,PHARMAEXP,TOT,USD_CAP,A,2007,448.7953,,2066.41961546
SWE,PHARMAEXP,TOT,USD_CAP,A,2008,475.2332,,2203.09604846
SWE,PHARMAEXP,TOT,USD_CAP,A,2009,477.9839,,2233.21343435
SWE,PHARMAEXP,TOT,USD_CAP,A,2010,471.3214,,2219.21539794
SWE,PHARMAEXP,TOT,USD_CAP,A,2011,478.2032,,2267.00499875
SWE,PHARMAEXP,TOT,USD_CAP,A,2012,493.2713,,2354.38588799
SWE,PHARMAEXP,TOT,USD_CAP,A,2013,492.5739,,2371.7433285
SWE,PHARMAEXP,TOT,USD_CAP,A,2014,488.7008,P,0
CHE,PHARMAEXP,TOT,USD_CAP,A,1985,166.3138,,551.753681935
CHE,PHARMAEXP,TOT,USD_CAP,A,1986,183.9927,,613.427613961
CHE,PHARMAEXP,TOT,USD_CAP,A,1987,167.4168,,561.553448563
CHE,PHARMAEXP,TOT,USD_CAP,A,1988,184.6655,,623.799874335
CHE,PHARMAEXP,TOT,USD_CAP,A,1989,192.5459,,655.36520655
CHE,PHARMAEXP,TOT,USD_CAP,A,1990,207.6152,,713.02284689
CHE,PHARMAEXP,TOT,USD_CAP,A,1991,217.5721,,757.295593446
CHE,PHARMAEXP,TOT,USD_CAP,A,1992,220.7697,,776.573535938
CHE,PHARMAEXP,TOT,USD_CAP,A,1993,233.4224,,828.503631
CHE,PHARMAEXP,TOT,USD_CAP,A,1994,242.4173,,867.291283447
CHE,PHARMAEXP,TOT,USD_CAP,A,1995,258.6663,B,931.737223237
CHE,PHARMAEXP,TOT,USD_CAP,A,1996,277.3399,,1003.5874316
CHE,PHARMAEXP,TOT,USD_CAP,A,1997,296.9098,,1077.03257985
CHE,PHARMAEXP,TOT,USD_CAP,A,1998,308.2541,,1121.43951295
CHE,PHARMAEXP,TOT,USD_CAP,A,1999,326.4805,,1193.05507931
CHE,PHARMAEXP,TOT,USD_CAP,A,2000,349.1106,,1282.6487526
CHE,PHARMAEXP,TOT,USD_CAP,A,2001,368.3149,,1361.77252134
CHE,PHARMAEXP,TOT,USD_CAP,A,2002,381.8039,,1422.24396295
CHE,PHARMAEXP,TOT,USD_CAP,A,2003,401.8194,,1507.11085451
CHE,PHARMAEXP,TOT,USD_CAP,A,2004,415.1823,,1567.10891281
CHE,PHARMAEXP,TOT,USD_CAP,A,2005,426.5015,,1619.21976877
CHE,PHARMAEXP,TOT,USD_CAP,A,2006,442.087,,1687.88949226
CHE,PHARMAEXP,TOT,USD_CAP,A,2007,470.6625,,1811.07635362
CHE,PHARMAEXP,TOT,USD_CAP,A,2008,500.0677,,1945.67890926
CHE,PHARMAEXP,TOT,USD_CAP,A,2009,525.316,,2067.22877636
CHE,PHARMAEXP,TOT,USD_CAP,A,2010,611.2804,B,2429.21241631
CHE,PHARMAEXP,TOT,USD_CAP,A,2011,643.5218,,2582.16919029
CHE,PHARMAEXP,TOT,USD_CAP,A,2012,701.2403,,2841.05544072
CHE,PHARMAEXP,TOT,USD_CAP,A,2013,725.6368,,2988.1723424
CHE,PHARMAEXP,TOT,USD_CAP,A,2014,730.3513,,0
TUR,PHARMAEXP,TOT,USD_CAP,A,1981,9.1466,,205.036039424
TUR,PHARMAEXP,TOT,USD_CAP,A,1982,9.8562,,226.669240806
TUR,PHARMAEXP,TOT,USD_CAP,A,1983,9.9609,,234.982910277
TUR,PHARMAEXP,TOT,USD_CAP,A,1984,9.4545,,228.763445625
TUR,PHARMAEXP,TOT,USD_CAP,A,1985,8.8967,,220.767251117
TUR,PHARMAEXP,TOT,USD_CAP,A,1986,10.4777,,266.117444342
TUR,PHARMAEXP,TOT,USD_CAP,A,1987,12.7621,,329.782235575
TUR,PHARMAEXP,TOT,USD_CAP,A,1990,31.7353,,885.912479504
TUR,PHARMAEXP,TOT,USD_CAP,A,1994,54.5157,,1588.38797054
TUR,PHARMAEXP,TOT,USD_CAP,A,1999,97.6093,B,3087.0473591
TUR,PHARMAEXP,TOT,USD_CAP,A,2000,117.885,,3784.73682705
GBR,PHARMAEXP,TOT,USD_CAP,A,1970,23.3936,,670.0160976
GBR,PHARMAEXP,TOT,USD_CAP,A,1971,25.9109,,745.2233949
GBR,PHARMAEXP,TOT,USD_CAP,A,1972,27.8732,,803.6122292
GBR,PHARMAEXP,TOT,USD_CAP,A,1973,29.5548,,853.4539596
GBR,PHARMAEXP,TOT,USD_CAP,A,1974,36.1668,,1044.6056844
GBR,PHARMAEXP,TOT,USD_CAP,A,1975,35.0854,,1012.8453272
GBR,PHARMAEXP,TOT,USD_CAP,A,1976,39.482,,1139.25311
GBR,PHARMAEXP,TOT,USD_CAP,A,1977,43.8854,,1266.0060192
GBR,PHARMAEXP,TOT,USD_CAP,A,1978,49.11,,1416.92172
GBR,PHARMAEXP,TOT,USD_CAP,A,1979,53.5298,,1545.672975
GBR,PHARMAEXP,TOT,USD_CAP,A,1980,60.4632,,1748.1120384
GBR,PHARMAEXP,TOT,USD_CAP,A,1981,67.659,,1958.457414
GBR,PHARMAEXP,TOT,USD_CAP,A,1982,77.0002,,2227.3847854
GBR,PHARMAEXP,TOT,USD_CAP,A,1983,85.4205,,2472.410952
GBR,PHARMAEXP,TOT,USD_CAP,A,1984,94.2763,,2732.9756607
GBR,PHARMAEXP,TOT,USD_CAP,A,1985,98.216,,2854.64804
GBR,PHARMAEXP,TOT,USD_CAP,A,1986,103.2579,,3009.1417218
GBR,PHARMAEXP,TOT,USD_CAP,A,1987,108.1977,,3159.9138285
GBR,PHARMAEXP,TOT,USD_CAP,A,1988,117.8786,,3449.717229
GBR,PHARMAEXP,TOT,USD_CAP,A,1989,124.9176,,3666.0817248
GBR,PHARMAEXP,TOT,USD_CAP,A,1990,128.6215,,3783.9159085
GBR,PHARMAEXP,TOT,USD_CAP,A,1991,143.0939,,4225.562867
GBR,PHARMAEXP,TOT,USD_CAP,A,1992,162.8369,,4821.2749352
GBR,PHARMAEXP,TOT,USD_CAP,A,1993,177.5477,,5268.7279975
GBR,PHARMAEXP,TOT,USD_CAP,A,1994,195.7865,,5825.431521
GBR,PHARMAEXP,TOT,USD_CAP,A,1995,205.4029,,6125.3198809
GBR,PHARMAEXP,TOT,USD_CAP,A,1996,223.5693,,6679.5799761
GBR,PHARMAEXP,TOT,USD_CAP,A,1997,236.7311,B,7088.4393273
GBR,PHARMAEXP,TOT,USD_CAP,A,2013,471.372,B,15149.0476104
GBR,PHARMAEXP,TOT,USD_CAP,A,2014,485.263,,15684.8356754
USA,PHARMAEXP,TOT,USD_CAP,A,1970,43.0232,,4504.45590056
USA,PHARMAEXP,TOT,USD_CAP,A,1971,45.0109,,4775.37292133
USA,PHARMAEXP,TOT,USD_CAP,A,1972,47.6236,,5110.26468508
USA,PHARMAEXP,TOT,USD_CAP,A,1973,50.9653,,5524.75574019
USA,PHARMAEXP,TOT,USD_CAP,A,1974,55.7062,,6097.75662936
USA,PHARMAEXP,TOT,USD_CAP,A,1975,60.1973,,6658.25480056
USA,PHARMAEXP,TOT,USD_CAP,A,1976,64.9207,,7253.36908062
USA,PHARMAEXP,TOT,USD_CAP,A,1977,69.3745,,7832.72098505
USA,PHARMAEXP,TOT,USD_CAP,A,1978,76.5013,,8733.4649093
USA,PHARMAEXP,TOT,USD_CAP,A,1979,85.2856,,9848.0561604
USA,PHARMAEXP,TOT,USD_CAP,A,1980,96.1603,,11234.0232078
USA,PHARMAEXP,TOT,USD_CAP,A,1981,107.6152,,12694.5903146
USA,PHARMAEXP,TOT,USD_CAP,A,1982,119.181,,14192.669385
USA,PHARMAEXP,TOT,USD_CAP,A,1983,132.9301,,15970.8868645
USA,PHARMAEXP,TOT,USD_CAP,A,1984,146.6893,,17772.0834658
USA,PHARMAEXP,TOT,USD_CAP,A,1985,158.6642,,19387.8608541
USA,PHARMAEXP,TOT,USD_CAP,A,1986,172.2088,,21227.7826958
USA,PHARMAEXP,TOT,USD_CAP,A,1987,186.3602,,23169.8095816
USA,PHARMAEXP,TOT,USD_CAP,A,1988,204.5898,,25658.3024233
USA,PHARMAEXP,TOT,USD_CAP,A,1989,225.1688,,28493.242739
USA,PHARMAEXP,TOT,USD_CAP,A,1990,251.3232,,32146.4991888
USA,PHARMAEXP,TOT,USD_CAP,A,1991,267.3245,,34635.8186451
USA,PHARMAEXP,TOT,USD_CAP,A,1992,273.6106,,35916.0699913
USA,PHARMAEXP,TOT,USD_CAP,A,1993,281.9844,,37489.2620112
USA,PHARMAEXP,TOT,USD_CAP,A,1994,293.886,,39535.9839738
USA,PHARMAEXP,TOT,USD_CAP,A,1995,318.7116,,43364.8564308
USA,PHARMAEXP,TOT,USD_CAP,A,1996,349.2576,,48053.2355597
USA,PHARMAEXP,TOT,USD_CAP,A,1997,385.9094,,53708.32329
USA,PHARMAEXP,TOT,USD_CAP,A,1998,424.391,,59722.0839622
USA,PHARMAEXP,TOT,USD_CAP,A,1999,484.4751,,68910.4301412
USA,PHARMAEXP,TOT,USD_CAP,A,2000,540.8091,,77724.5430429
USA,PHARMAEXP,TOT,USD_CAP,A,2001,600.9427,,87183.2645592
USA,PHARMAEXP,TOT,USD_CAP,A,2002,664.7783,,97319.9533172
USA,PHARMAEXP,TOT,USD_CAP,A,2003,733.7162,,108354.4747
USA,PHARMAEXP,TOT,USD_CAP,A,2004,788.6329,,117488.400133
USA,PHARMAEXP,TOT,USD_CAP,A,2005,832.2609,,125105.042358
USA,PHARMAEXP,TOT,USD_CAP,A,2006,897.55,,136187.59513
USA,PHARMAEXP,TOT,USD_CAP,A,2007,940.7422,,144090.096102
USA,PHARMAEXP,TOT,USD_CAP,A,2008,956.5987,,147893.985415
USA,PHARMAEXP,TOT,USD_CAP,A,2009,987.8293,,154065.907728
USA,PHARMAEXP,TOT,USD_CAP,A,2010,983.6166,,154681.185836
USA,PHARMAEXP,TOT,USD_CAP,A,2011,999.3978,,158331.595261
USA,PHARMAEXP,TOT,USD_CAP,A,2012,995.9818,,158942.26158
USA,PHARMAEXP,TOT,USD_CAP,A,2013,1013.8022,,162974.989224
USA,PHARMAEXP,TOT,USD_CAP,A,2014,1112.2037,,180088.690426
EST,PHARMAEXP,TOT,USD_CAP,A,1999,99.2886,,73.6854458724
EST,PHARMAEXP,TOT,USD_CAP,A,2000,114.2506,,85.220665046
EST,PHARMAEXP,TOT,USD_CAP,A,2001,128.8904,,95.563209272
EST,PHARMAEXP,TOT,USD_CAP,A,2002,151.737,,111.861275085
EST,PHARMAEXP,TOT,USD_CAP,A,2003,159.4414,,116.8705462
EST,PHARMAEXP,TOT,USD_CAP,A,2004,190.7361,B,139.040894817
EST,PHARMAEXP,TOT,USD_CAP,A,2005,197.1841,,142.949599216
EST,PHARMAEXP,TOT,USD_CAP,A,2006,225.5237,,162.538313445
EST,PHARMAEXP,TOT,USD_CAP,A,2007,238.7591,,171.315623227
EST,PHARMAEXP,TOT,USD_CAP,A,2008,277.6224,,198.612453072
EST,PHARMAEXP,TOT,USD_CAP,A,2009,264.235,,188.519781925
EST,PHARMAEXP,TOT,USD_CAP,A,2010,273.4284,,194.46911379
EST,PHARMAEXP,TOT,USD_CAP,A,2011,277.0493,,196.294970036
EST,PHARMAEXP,TOT,USD_CAP,A,2012,303.7825,,214.331616398
EST,PHARMAEXP,TOT,USD_CAP,A,2013,314.9095,,221.209437913
EST,PHARMAEXP,TOT,USD_CAP,A,2014,324.3777,,227.35632993
ISR,PHARMAEXP,TOT,USD_CAP,A,2006,236.3844,,843.46681608
ISR,PHARMAEXP,TOT,USD_CAP,A,2007,257.1305,,933.61513245
ISR,PHARMAEXP,TOT,USD_CAP,A,2008,256.4691,,947.57638377
ISR,PHARMAEXP,TOT,USD_CAP,A,2009,271.7808,,1028.47290336
ISR,PHARMAEXP,TOT,USD_CAP,A,2010,275.5093,,1061.31692546
ISR,PHARMAEXP,TOT,USD_CAP,A,2011,286.1819,,1123.17810293
ISR,PHARMAEXP,TOT,USD_CAP,A,2012,306.1144,,1222.74335936
SVN,PHARMAEXP,TOT,USD_CAP,A,2002,355.5424,B,362.513519837
SVN,PHARMAEXP,TOT,USD_CAP,A,2003,359.0833,,366.026893772
SVN,PHARMAEXP,TOT,USD_CAP,A,2004,381.8954,,389.499701205
SVN,PHARMAEXP,TOT,USD_CAP,A,2005,405.3603,,413.890702153
SVN,PHARMAEXP,TOT,USD_CAP,A,2006,426.7987,,436.461422568
SVN,PHARMAEXP,TOT,USD_CAP,A,2007,416.4637,,426.5758551
SVN,PHARMAEXP,TOT,USD_CAP,A,2008,443.0468,,454.415380888
SVN,PHARMAEXP,TOT,USD_CAP,A,2009,465.1138,,479.331398638
SVN,PHARMAEXP,TOT,USD_CAP,A,2010,469.1198,,485.325543491
SVN,PHARMAEXP,TOT,USD_CAP,A,2011,478.0849,,495.805594903
SVN,PHARMAEXP,TOT,USD_CAP,A,2012,503.467,,523.025686016
SVN,PHARMAEXP,TOT,USD_CAP,A,2013,518.8539,,1068.37932944
SVN,PHARMAEXP,TOT,USD_CAP,A,2014,483.5458,,996.889142833
LVA,PHARMAEXP,TOT,USD_CAP,A,2004,184.7243,B,226.2872675
LVA,PHARMAEXP,TOT,USD_CAP,A,2005,186.7846,,226.3829352
LVA,PHARMAEXP,TOT,USD_CAP,A,2006,221.1582,,265.38984
LVA,PHARMAEXP,TOT,USD_CAP,A,2007,291.5345,,346.926055
LVA,PHARMAEXP,TOT,USD_CAP,A,2008,240.5605,,283.1397085
LVA,PHARMAEXP,TOT,USD_CAP,A,2009,255.5128,,296.394848
LVA,PHARMAEXP,TOT,USD_CAP,A,2010,276.3644,,314.5026872
LVA,PHARMAEXP,TOT,USD_CAP,A,2011,283.607,,317.072626
LVA,PHARMAEXP,TOT,USD_CAP,A,2012,293.1636,,323.6526144
LVA,PHARMAEXP,TOT,USD_CAP,A,2013,341.1093,,0
LVA,PHARMAEXP,TOT,USD_CAP,A,2014,347.6399,B,0
LTU,PHARMAEXP,TOT,USD_CAP,A,2004,247.4469,B,0
LTU,PHARMAEXP,TOT,USD_CAP,A,2005,284.4582,,0
LTU,PHARMAEXP,TOT,USD_CAP,A,2006,302.6872,,0
LTU,PHARMAEXP,TOT,USD_CAP,A,2007,316.0341,,0
LTU,PHARMAEXP,TOT,USD_CAP,A,2008,341.6259,,0
LTU,PHARMAEXP,TOT,USD_CAP,A,2009,358.4488,,0
LTU,PHARMAEXP,TOT,USD_CAP,A,2010,365.7485,,0
LTU,PHARMAEXP,TOT,USD_CAP,A,2011,381.4509,,0
LTU,PHARMAEXP,TOT,USD_CAP,A,2012,445.5823,,0
LTU,PHARMAEXP,TOT,USD_CAP,A,2013,458.5557,,0
LTU,PHARMAEXP,TOT,USD_CAP,A,2014,479.0798,,0
RUS,PHARMAEXP,TOT,USD_CAP,A,2014,317.5209,B,0
